Open time,Open,High,Low,Close,POC
2018-07-27,13.3283,14.0845,13.0383,13.9919,13.8997
2018-07-28,13.9919,14.8886,13.72,14.669,14.605
2018-07-29,14.6292,14.7512,13.666,13.9569,13.75
2018-07-30,13.9653,13.9724,13.0,13.1666,13.5706
2018-07-31,13.1666,14.1,13.001,13.8369,13.6147
2018-08-01,13.7995,14.1,13.1725,13.6666,13.5
2018-08-02,13.6481,14.1999,13.364,14.15,13.4586
2018-08-03,14.1303,14.18,13.55,14.1251,13.9501
2018-08-04,14.1399,14.47,13.55,13.8663,14.1717
2018-08-05,13.8663,13.9499,13.2224,13.64,13.4302
2018-08-06,13.6407,13.975,13.4688,13.6998,13.7372
2018-08-07,13.6998,13.85,13.0735,13.1488,13.5603
2018-08-08,13.1688,13.1688,11.95,12.1489,12.0002
2018-08-09,12.1489,12.8769,12.0408,12.7654,12.0832
2018-08-10,12.756,12.8249,11.6912,12.1472,12.3302
2018-08-11,12.12,12.1605,11.3,11.6972,11.6657
2018-08-12,11.6736,11.8735,11.3503,11.7999,11.6916
2018-08-13,11.7827,11.8899,10.11,10.2576,11.6996
2018-08-14,10.27,10.3164,8.5318,9.3999,9.0957
2018-08-15,9.3999,10.65,9.3328,9.5049,10.0503
2018-08-16,9.5,10.0,9.3549,9.7888,9.65
2018-08-17,9.7888,10.88,9.7008,10.88,10.3803
2018-08-18,10.8766,10.98,9.4518,9.8807,10.343
2018-08-19,9.9205,10.2999,9.6501,10.1388,9.9094
2018-08-20,10.1304,10.2081,9.5505,9.6377,9.8
2018-08-21,9.6377,9.8499,9.3526,9.7399,9.5223
2018-08-22,9.7399,10.25,9.1803,9.5888,10.0001
2018-08-23,9.5888,9.7881,9.3201,9.7587,9.4987
2018-08-24,9.7587,10.2313,9.55,10.2038,10.1652
2018-08-25,10.198,10.3,9.9115,10.1058,10.0422
2018-08-26,10.1058,10.2578,9.7298,10.2158,10.0756
2018-08-27,10.2082,11.3135,10.1023,11.1888,10.5101
2018-08-28,11.1888,11.5489,10.76,11.5188,11.1893
2018-08-29,11.5188,11.5188,10.7,11.1888,11.1159
2018-08-30,11.1888,11.1999,10.3501,10.7899,10.4276
2018-08-31,10.77,10.9935,10.5548,10.9899,10.9201
2018-09-01,10.9899,11.57,10.9436,11.48,11.3999
2018-09-02,11.48,11.5043,11.07,11.3684,11.1999
2018-09-03,11.3613,11.48,11.046,11.3294,11.2998
2018-09-04,11.3115,11.4494,11.2106,11.4217,11.3709
2018-09-05,11.442,11.5886,9.9,9.9664,10.7993
2018-09-06,9.9664,10.382,9.5349,10.2888,9.6502
2018-09-07,10.2888,10.2994,9.63,9.9401,10.0003
2018-09-08,9.9576,10.1497,9.2715,9.5224,10.0001
2018-09-09,9.5224,9.7678,9.1535,9.5399,9.2656
2018-09-10,9.5247,9.7381,9.25,9.508,9.33
2018-09-11,9.5078,9.6,9.1013,9.3688,9.2298
2018-09-12,9.3796,9.4822,9.01,9.2081,9.1501
2018-09-13,9.2142,9.7146,9.1994,9.5911,9.5544
2018-09-14,9.5911,10.0997,9.4809,9.9268,9.7998
2018-09-15,9.8923,10.242,9.84,10.0999,10.0999
2018-09-16,10.0618,10.1381,9.7,9.9399,9.9378
2018-09-17,9.9281,10.0321,9.2542,9.3626,9.9399
2018-09-18,9.3623,9.6533,9.22,9.5599,9.5202
2018-09-19,9.5599,9.7997,9.231,9.6399,9.6499
2018-09-20,9.6399,10.08,9.5682,10.0388,9.7101
2018-09-21,10.0388,10.48,9.9091,10.48,10.2799
2018-09-22,10.4798,10.6,9.985,10.2911,10.25
2018-09-23,10.2534,10.4258,10.1025,10.2907,10.3499
2018-09-24,10.2907,10.3599,9.9082,10.0588,9.9999
2018-09-25,10.0295,10.0583,9.3612,9.8745,9.5278
2018-09-26,9.8745,9.9417,9.5514,9.712,9.7501
2018-09-27,9.712,10.1118,9.6364,10.0599,10.0496
2018-09-28,10.0599,10.28,9.8049,9.9911,10.1235
2018-09-29,9.9911,10.0773,9.72,10.0118,9.9833
2018-09-30,10.0,10.0761,9.8203,10.0172,10.0
2018-10-01,10.0296,10.0761,9.85,9.9811,9.95
2018-10-02,9.9811,10.69,9.85,10.3711,9.9934
2018-10-03,10.3711,10.49,10.0103,10.3136,10.3774
2018-10-04,10.2851,10.4393,10.201,10.2982,10.2999
2018-10-05,10.2982,10.77,10.227,10.6756,10.6753
2018-10-06,10.6997,10.75,10.3232,10.4289,10.6209
2018-10-07,10.4289,10.6,10.2602,10.5852,10.4399
2018-10-08,10.5852,10.6929,10.4938,10.5911,10.6298
2018-10-09,10.5909,10.6297,10.27,10.4113,10.4063
2018-10-10,10.4113,10.4351,10.22,10.3614,10.41
2018-10-11,10.3877,10.3991,9.22,9.3599,9.5796
2018-10-12,9.3618,9.7497,9.2471,9.5551,9.6075
2018-10-13,9.5454,9.7299,9.5227,9.681,9.6
2018-10-14,9.681,9.8,9.5101,9.5895,9.7422
2018-10-15,9.5899,11.0,9.5106,10.5655,10.3505
2018-10-16,10.5509,10.571,10.1061,10.2771,10.1901
2018-10-17,10.2761,10.35,10.09,10.2338,10.2307
2018-10-18,10.2338,10.2856,9.81,9.922,9.9207
2018-10-19,9.922,9.9797,9.83,9.9001,9.8999
2018-10-20,9.9311,9.997,9.822,9.9365,9.9387
2018-10-21,9.914,10.0272,9.87,9.9311,9.9587
2018-10-22,9.9311,9.98,9.81,9.8932,9.8806
2018-10-23,9.8781,10.0788,9.8099,9.9298,9.9199
2018-10-24,9.917,9.99,9.8555,9.8837,9.9307
2018-10-25,9.8837,9.925,9.7502,9.8056,9.8249
2018-10-26,9.8056,9.9121,9.75,9.8296,9.8136
2018-10-27,9.8296,9.8347,9.6972,9.7331,9.7156
2018-10-28,9.7331,9.7638,9.6022,9.7207,9.6826
2018-10-29,9.7207,9.7317,9.3748,9.445,9.682
2018-10-30,9.445,9.5386,9.4003,9.4521,9.4532
2018-10-31,9.4521,9.5546,9.2811,9.4807,9.4203
2018-11-01,9.4807,9.66,9.4303,9.6192,9.4787
2018-11-02,9.611,9.7192,9.5467,9.6421,9.6176
2018-11-03,9.6421,9.744,9.4888,9.5889,9.5259
2018-11-04,9.5889,9.8974,9.5,9.819,9.6329
2018-11-05,9.8084,9.8294,9.6603,9.7333,9.695
2018-11-06,9.7511,9.8891,9.6703,9.881,9.8127
2018-11-07,9.881,9.9776,9.81,9.897,9.8818
2018-11-08,9.898,9.9268,9.6503,9.686,9.7475
2018-11-09,9.7068,9.7497,9.5169,9.6141,9.6213
2018-11-10,9.6156,9.6896,9.5672,9.5898,9.6122
2018-11-11,9.6171,9.621,9.35,9.5611,9.4631
2018-11-12,9.5611,9.5891,9.331,9.4862,9.45
2018-11-13,9.4902,9.5891,9.3602,9.3936,9.4519
2018-11-14,9.3936,9.4453,8.3359,8.6811,8.4917
2018-11-15,8.6896,8.7342,7.8,8.3793,8.1838
2018-11-16,8.3892,8.4049,7.8,8.01,8.1039
2018-11-17,8.01,8.0192,7.6846,7.8494,7.791
2018-11-18,7.8519,8.166,7.8301,8.0832,8.0199
2018-11-19,8.0862,8.0918,6.6453,6.6844,7.4506
2018-11-20,6.7099,6.905,5.612,5.92,6.0044
2018-11-21,5.92,6.323,5.6502,6.2894,5.71
2018-11-22,6.3021,6.3727,5.7172,5.77,6.0035
2018-11-23,5.7786,5.8396,5.45,5.6611,5.5101
2018-11-24,5.6611,5.8055,4.7632,5.193,4.9531
2018-11-25,5.1997,5.38,4.532,5.2873,5.2384
2018-11-26,5.2873,5.4,4.7568,5.0631,4.8745
2018-11-27,5.063,5.063,4.7045,4.984,5.0001
2018-11-28,4.9936,5.4603,4.9912,5.3499,5.4
2018-11-29,5.3498,5.6344,5.1243,5.3805,5.37
2018-11-30,5.3805,5.448,4.9534,5.115,5.031
2018-12-01,5.115,5.4006,5.0072,5.2899,5.3001
2018-12-02,5.2899,5.4357,5.205,5.2888,5.3299
2018-12-03,5.2831,5.2956,5.01,5.1266,5.05
2018-12-04,5.1295,6.3649,5.0856,5.902,5.8388
2018-12-05,5.92,6.62,5.7225,6.0727,6.0217
2018-12-06,6.0637,6.109,4.85,4.9023,5.5
2018-12-07,4.8977,4.9997,4.12,4.516,4.5571
2018-12-08,4.516,4.8009,4.3001,4.6361,4.67
2018-12-09,4.6282,5.0003,4.5167,4.7693,4.64
2018-12-10,4.7694,4.9398,4.4698,4.6276,4.65
2018-12-11,4.6276,4.9295,4.5,4.8973,4.6731
2018-12-12,4.8973,5.15,4.739,4.9815,5.0
2018-12-13,4.982,4.9933,4.5563,4.6384,4.8347
2018-12-14,4.6399,4.75,4.43,4.5211,4.5207
2018-12-15,4.5211,4.599,4.4436,4.5531,4.5499
2018-12-16,4.5531,4.7064,4.5089,4.616,4.6499
2018-12-17,4.6193,5.1271,4.601,5.065,4.9999
2018-12-18,5.065,5.5362,4.9,5.5308,5.0998
2018-12-19,5.5365,5.8331,5.2847,5.3633,5.35
2018-12-20,5.3627,5.79,5.2369,5.6766,5.6001
2018-12-21,5.6766,5.7897,5.3166,5.4766,5.6605
2018-12-22,5.4765,5.8802,5.395,5.8398,5.8245
2018-12-23,5.8399,6.1318,5.7589,5.959,5.9999
2018-12-24,5.959,6.4735,5.93,6.0979,6.4239
2018-12-25,6.0975,6.0994,5.3127,5.45,5.4613
2018-12-26,5.4432,5.684,5.37,5.6029,5.5982
2018-12-27,5.6161,5.6559,5.1,5.1791,5.4275
2018-12-28,5.1818,5.8995,5.1003,5.8811,5.7
2018-12-29,5.8811,6.0,5.61,5.66,5.9255
2018-12-30,5.67,5.9186,5.558,5.8939,5.8
2018-12-31,5.8939,6.2433,5.8304,6.1111,6.0
2019-01-01,6.1111,6.1228,5.7735,5.991,5.9
2019-01-02,5.991,6.0939,5.8371,6.051,5.9
2019-01-03,6.051,6.062,5.7739,5.7979,5.8258
2019-01-04,5.7947,5.99,5.7402,5.9692,5.913
2019-01-05,5.9664,6.1043,5.9188,5.9625,6.0
2019-01-06,5.9648,6.3888,5.925,6.2688,5.9699
2019-01-07,6.2688,6.3094,6.0061,6.2009,6.1851
2019-01-08,6.2009,6.7984,6.1381,6.5128,6.5845
2019-01-09,6.5197,6.854,6.3386,6.5511,6.4345
2019-01-10,6.5511,6.5764,5.65,5.8449,6.0012
2019-01-11,5.844,6.1198,5.6853,5.9595,5.858
2019-01-12,5.9545,5.9657,5.8,5.8594,5.8402
2019-01-13,5.8644,5.8884,5.3733,5.4688,5.4202
2019-01-14,5.4688,6.062,5.4586,6.0583,5.8852
2019-01-15,6.0575,6.0649,5.6601,5.8111,5.85
2019-01-16,5.8111,6.1817,5.7741,6.0911,5.9998
2019-01-17,6.0941,6.33,5.9604,6.3266,5.9999
2019-01-18,6.3266,6.5879,6.2132,6.4867,6.4303
2019-01-19,6.4883,6.64,6.2435,6.5199,6.5493
2019-01-20,6.5565,6.6295,6.2401,6.4008,6.4412
2019-01-21,6.4017,6.515,6.2788,6.4724,6.4803
2019-01-22,6.4724,6.5088,6.25,6.4736,6.4608
2019-01-23,6.4789,6.53,6.3499,6.4969,6.4726
2019-01-24,6.4969,6.4969,6.3915,6.4588,6.4363
2019-01-25,6.4588,6.7502,6.4408,6.6899,6.6309
2019-01-26,6.689,6.9786,6.6196,6.9463,6.7708
2019-01-27,6.9472,7.2157,6.7919,7.0396,7.1425
2019-01-28,7.0399,7.1398,5.94,6.1648,6.7497
2019-01-29,6.1648,6.2599,5.968,6.1661,6.0011
2019-01-30,6.1661,6.1999,6.001,6.1388,6.15
2019-01-31,6.1388,6.2663,5.9468,6.22,6.1649
2019-02-01,6.2305,6.65,6.1172,6.5229,6.5273
2019-02-02,6.5172,6.9,6.4823,6.8655,6.7142
2019-02-03,6.865,6.9,6.6148,6.7887,6.8211
2019-02-04,6.7936,7.185,6.68,7.1069,7.1265
2019-02-05,7.1028,7.9715,6.9501,7.8665,7.1294
2019-02-06,7.8658,8.48,7.32,8.1303,8.0352
2019-02-07,8.1347,8.4666,7.6733,7.81,8.0646
2019-02-08,7.81,8.8387,7.61,8.5972,8.4001
2019-02-09,8.6034,8.921,8.4052,8.9051,8.6798
2019-02-10,8.9051,9.2999,8.8264,9.1697,9.1317
2019-02-11,9.1616,9.778,9.01,9.5288,9.4997
2019-02-12,9.5288,9.9,8.921,9.2765,9.5804
2019-02-13,9.2765,9.2765,8.71,8.9103,9.1015
2019-02-14,8.9211,9.05,8.4051,8.7655,8.8794
2019-02-15,8.7655,9.4997,8.7293,9.2911,9.2999
2019-02-16,9.2911,9.3399,9.048,9.1087,9.1359
2019-02-17,9.1029,9.22,8.8903,9.22,9.0252
2019-02-18,9.2163,9.6999,9.1777,9.6127,9.3999
2019-02-19,9.6127,11.1307,9.481,10.4728,9.6112
2019-02-20,10.4687,11.2951,10.3928,10.9211,11.0001
2019-02-21,10.9211,10.936,10.13,10.4661,10.356
2019-02-22,10.4661,10.9611,10.3799,10.7576,10.6842
2019-02-23,10.7572,10.85,10.4,10.7265,10.6299
2019-02-24,10.7267,11.09,9.3901,9.9476,10.7996
2019-02-25,9.9442,10.2361,9.2685,9.6967,9.9999
2019-02-26,9.6967,9.7557,9.3551,9.4168,9.43
2019-02-27,9.4238,9.9998,9.35,9.8467,9.7796
2019-02-28,9.8464,10.4914,9.7899,10.2779,10.2658
2019-03-01,10.2777,11.551,10.2067,11.3111,10.9902
2019-03-02,11.3317,11.8,10.8,11.7566,11.0501
2019-03-03,11.7566,11.8701,11.1902,11.4511,11.4999
2019-03-04,11.4493,11.508,10.85,11.4006,11.3237
2019-03-05,11.4006,13.75,11.395,13.6229,12.8194
2019-03-06,13.623,14.663,12.9,14.5294,13.3637
2019-03-07,14.5468,15.56,14.327,15.1,14.8503
2019-03-08,15.1,15.2194,13.5578,14.2931,13.9567
2019-03-09,14.2764,14.92,13.9609,14.4651,14.5
2019-03-10,14.477,14.5075,13.86,14.3711,14.2415
2019-03-11,14.3741,14.9,14.011,14.4143,14.4993
2019-03-12,14.4133,15.4288,14.1809,15.3333,15.0282
2019-03-13,15.3333,15.38,14.9333,15.0244,15.1112
2019-03-14,15.0366,15.097,14.563,14.8901,14.8001
2019-03-15,14.9003,15.199,14.84,14.9432,15.1399
2019-03-16,14.9432,16.0,14.88,15.9589,15.7952
2019-03-17,15.9589,15.9589,15.44,15.5693,15.6999
2019-03-18,15.5835,15.7888,15.204,15.5388,15.5195
2019-03-19,15.5388,15.8,15.0,15.4953,15.6501
2019-03-20,15.4953,15.5098,15.022,15.1288,15.1
2019-03-21,15.1288,15.2987,13.8607,14.3511,15.0672
2019-03-22,14.3586,15.226,14.231,15.1502,15.0994
2019-03-23,15.1538,15.44,14.9469,15.1397,15.0983
2019-03-24,15.1397,17.5,14.66,17.1096,14.7727
2019-03-25,17.1112,17.338,16.1,16.7631,17.2206
2019-03-26,16.7516,16.8,15.5301,16.1998,16.2003
2019-03-27,16.1998,16.8297,15.8697,16.6,16.5998
2019-03-28,16.6,16.7188,16.401,16.6665,16.6499
2019-03-29,16.6661,16.8067,16.377,16.4753,16.4899
2019-03-30,16.4753,16.985,15.9612,16.9666,16.4599
2019-03-31,16.9673,17.7386,16.7314,17.5376,17.4003
2019-04-01,17.5346,18.2576,17.3319,17.8888,17.4419
2019-04-02,17.8888,19.88,17.5303,19.7155,18.9994
2019-04-03,19.725,20.0,18.0,18.5489,19.1989
2019-04-04,18.5388,19.41,18.16,18.992,19.1001
2019-04-05,19.05,19.4593,18.8445,19.3657,19.0502
2019-04-06,19.3859,19.3866,18.82,19.0745,19.0999
2019-04-07,19.04,19.2137,18.8,18.9523,18.8494
2019-04-08,18.9435,19.042,17.7881,17.9777,18.0001
2019-04-09,17.9728,18.54,17.01,18.2984,18.3002
2019-04-10,18.2888,18.6095,17.8927,18.24,18.3398
2019-04-11,18.2399,18.24,16.2501,17.5555,17.0002
2019-04-12,17.5538,18.552,16.612,18.3333,18.2396
2019-04-13,18.2751,18.6398,17.9143,18.6111,18.4301
2019-04-14,18.6051,19.9,18.4259,19.3866,19.1502
2019-04-15,19.3436,19.78,18.6601,19.2666,19.3999
2019-04-16,19.2763,19.7482,18.7064,19.6408,19.4999
2019-04-17,19.6143,19.7908,19.26,19.4888,19.479
2019-04-18,19.451,21.998,19.4333,21.8888,20.5535
2019-04-19,21.86,24.7459,21.12,24.3188,21.5317
2019-04-20,24.3188,25.4973,23.76,24.8888,24.6002
2019-04-21,24.8312,24.8574,22.45,23.9999,22.8072
2019-04-22,24.0558,24.6368,23.02,23.8,24.4007
2019-04-23,23.7811,24.6131,22.47,22.546,23.8112
2019-04-24,22.5,23.1209,20.88,22.9703,21.9991
2019-04-25,22.9927,23.4698,21.55,22.4863,23.065
2019-04-26,22.4881,23.786,21.6503,23.0555,23.0205
2019-04-27,23.0555,23.1209,22.3876,22.4324,22.5481
2019-04-28,22.4366,23.2092,22.42,23.0226,22.9037
2019-04-29,23.0226,23.0828,21.2797,21.6788,21.7719
2019-04-30,21.6788,22.3,21.3292,22.0391,21.945
2019-05-01,22.03,22.099,21.47,21.8788,21.8946
2019-05-02,21.8791,24.127,21.7497,23.6166,21.8317
2019-05-03,23.6166,23.972,23.0101,23.6999,23.3793
2019-05-04,23.6999,23.7968,22.3,22.8888,23.1195
2019-05-05,22.8887,23.1772,22.6408,22.9777,22.9494
2019-05-06,22.9777,22.9973,21.45,22.1895,21.8986
2019-05-07,22.2018,22.45,20.205,20.6602,22.1798
2019-05-08,20.6602,21.4135,19.51,20.6673,20.0
2019-05-09,20.6671,20.967,18.5402,18.8388,19.2273
2019-05-10,18.8375,19.9888,18.3,19.6166,19.2
2019-05-11,19.6424,22.0,18.88,20.8059,19.8438
2019-05-12,20.8156,21.5,20.1,20.8934,20.5497
2019-05-13,20.9289,24.0,20.7349,23.521,22.8924
2019-05-14,23.53,24.5,22.5748,23.6553,23.399
2019-05-15,23.6308,27.6556,23.46,26.8116,26.9999
2019-05-16,26.8348,27.79,25.0,26.2888,25.7014
2019-05-17,26.2888,26.6783,23.1424,25.7795,24.1017
2019-05-18,25.779,29.0989,25.1124,28.8171,27.6991
2019-05-19,28.7556,29.8368,27.543,29.1122,28.9856
2019-05-20,29.0031,29.3399,27.5306,29.2666,28.4996
2019-05-21,29.1971,32.8,28.05,32.3907,31.9174
2019-05-22,32.0664,32.27,30.61,30.8067,31.522
2019-05-23,30.7486,32.25,29.6699,31.3934,30.3095
2019-05-24,31.22,34.7067,31.12,33.9435,34.0923
2019-05-25,33.9,35.4888,33.6231,35.0168,35.0734
2019-05-26,34.9748,35.05,32.32,33.0919,32.7943
2019-05-27,33.0,35.1001,32.5,33.511,34.0004
2019-05-28,33.4692,34.5,32.5,33.1068,33.2342
2019-05-29,33.1068,33.88,30.85,33.6066,33.5148
2019-05-30,33.6173,34.96,30.25,31.6666,34.5024
2019-05-31,31.6339,32.9724,30.61,32.8862,31.8988
2019-06-01,32.9188,34.353,32.5024,33.3521,32.9014
2019-06-02,33.3535,33.7647,32.68,33.1527,33.1374
2019-06-03,33.1266,33.1753,30.51,30.7564,32.101
2019-06-04,30.7351,31.4673,28.7168,29.2596,30.0035
2019-06-05,29.2781,31.1843,28.944,30.8886,29.8006
2019-06-06,30.8288,31.9906,29.63,31.0888,31.3942
2019-06-07,31.1428,31.9911,30.9001,31.3098,31.2372
2019-06-08,31.3288,32.2926,31.1071,31.7333,31.7
2019-06-09,31.7333,31.85,29.7611,30.095,31.4604
2019-06-10,30.1308,32.0438,29.7286,32.0271,31.5827
2019-06-11,32.0271,32.0821,30.9312,31.8889,31.5403
2019-06-12,31.9097,34.98,31.8008,34.8888,33.4578
2019-06-13,34.8545,36.3689,34.12,35.251,35.0001
2019-06-14,35.2514,35.3,29.8146,32.3803,29.9971
2019-06-15,32.3888,33.942,31.6865,32.6743,32.8491
2019-06-16,32.6907,33.2943,31.7316,32.1888,32.8006
2019-06-17,32.2,34.45,32.1862,33.8286,33.7998
2019-06-18,33.8317,35.0749,33.7386,34.4333,34.3997
2019-06-19,34.4333,35.6,34.3939,35.1888,35.3996
2019-06-20,35.1603,36.9146,34.3979,36.8381,36.5998
2019-06-21,36.8379,38.85,36.3364,38.6766,37.9994
2019-06-22,38.6957,39.5941,37.1,38.0001,38.7477
2019-06-23,37.9956,38.532,37.26,37.2836,38.0001
2019-06-24,37.2828,37.821,36.0001,37.43,37.4193
2019-06-25,37.43,37.551,35.71,36.0941,36.9513
2019-06-26,36.1096,38.0,34.5,36.1189,36.4102
2019-06-27,36.119,36.35,33.1584,34.3999,34.0006
2019-06-28,34.3998,35.2809,33.82,34.6289,34.4
2019-06-29,34.5951,35.8,33.2447,35.5,35.609
2019-06-30,35.4948,35.5,32.02,32.114,34.9054
2019-07-01,32.0414,34.05,31.3682,33.2777,32.8522
2019-07-02,33.2777,34.0,30.56,31.9777,31.8005
2019-07-03,31.9777,33.05,31.623,32.522,32.0002
2019-07-04,32.4982,34.3839,32.1503,33.0888,33.5006
2019-07-05,33.0399,33.6497,32.4,32.5566,33.0003
2019-07-06,32.5507,33.1815,32.5,32.5888,32.7997
2019-07-07,32.5888,33.3997,32.4,32.9344,33.0003
2019-07-08,32.9326,34.2918,32.75,33.3888,33.3864
2019-07-09,33.3894,33.9,32.2195,32.4811,32.7305
2019-07-10,32.4811,32.89,30.51,31.222,31.8267
2019-07-11,31.2219,31.89,28.2666,29.4181,29.0012
2019-07-12,29.4213,32.6219,29.0,31.8888,32.001
2019-07-13,31.9028,32.4894,30.2075,31.4888,31.2996
2019-07-14,31.4701,31.5259,28.3111,28.5447,29.2985
2019-07-15,28.5015,28.7498,26.319,28.647,27.9443
2019-07-16,28.6367,29.58,24.8626,25.0601,28.1033
2019-07-17,25.0681,28.2898,24.1709,27.6287,27.2972
2019-07-18,27.6339,29.5,26.8,28.9555,29.006
2019-07-19,28.952,29.96,28.3158,29.0096,28.9989
2019-07-20,28.9843,31.46,28.9,31.0932,30.5001
2019-07-21,31.0932,31.5281,29.2801,30.4388,29.9997
2019-07-22,30.4388,32.6,29.6203,30.885,31.0007
2019-07-23,30.885,30.893,28.9471,29.4929,29.8848
2019-07-24,29.3518,29.5057,27.7426,28.8261,28.7006
2019-07-25,28.68,29.6596,28.4444,28.9227,29.3197
2019-07-26,28.8466,29.05,28.1641,28.9,28.6883
2019-07-27,28.727,29.4502,27.2061,27.7498,28.9766
2019-07-28,27.5998,27.8459,26.42,27.7555,27.6377
2019-07-29,27.648,28.0419,26.8202,26.9525,27.1843
2019-07-30,26.9461,27.1198,26.202,26.9867,26.8235
2019-07-31,26.9689,27.83,26.78,27.75,27.56
2019-08-01,27.6999,28.7664,27.45,28.7088,28.7244
2019-08-02,28.7,28.7186,27.5643,28.14,27.7551
2019-08-03,28.139,28.3409,27.5,27.7333,27.6998
2019-08-04,27.7422,27.7719,27.0852,27.3834,27.2552
2019-08-05,27.3834,28.3,27.3011,28.0114,27.9999
2019-08-06,27.9937,28.3125,27.3333,27.6523,28.0243
2019-08-07,27.6706,29.98,27.333,29.6694,27.998
2019-08-08,29.6694,31.8791,29.1914,31.1074,30.7694
2019-08-09,31.1904,31.5,29.6666,29.8188,31.2598
2019-08-10,29.7922,30.02,29.0333,29.6661,29.5003
2019-08-11,29.6666,30.4458,29.3,30.2439,29.7847
2019-08-12,30.2402,30.5936,29.823,30.1856,30.1206
2019-08-13,30.1695,30.4496,29.2,29.4512,30.0384
2019-08-14,29.4511,29.4693,26.75,27.0256,28.8989
2019-08-15,27.0389,28.2174,26.7,28.1058,27.7197
2019-08-16,28.1111,28.1313,26.788,27.5111,27.5796
2019-08-17,27.4908,27.9605,26.9863,27.5038,27.6197
2019-08-18,27.5037,28.1797,27.0511,27.8977,27.928
2019-08-19,27.8997,29.1779,27.6884,28.7931,28.7328
2019-08-20,28.7978,28.8079,27.52,28.0286,28.0603
2019-08-21,28.0117,28.051,26.3,26.925,27.026
2019-08-22,26.9333,27.3301,26.211,26.9731,27.1003
2019-08-23,26.9193,27.2864,26.5,26.94,27.0822
2019-08-24,26.9268,26.9486,26.01,26.2814,26.364
2019-08-25,26.2982,26.4,25.57,26.0888,26.1538
2019-08-26,26.0886,27.1908,25.6502,26.1257,26.2008
2019-08-27,26.1489,26.1507,24.6224,25.6051,25.5845
2019-08-28,25.6087,26.129,23.203,23.3565,25.0104
2019-08-29,23.3559,23.3559,21.2202,21.7777,21.8991
2019-08-30,21.778,22.5678,21.5,22.1448,22.1782
2019-08-31,22.1447,22.37,20.8857,21.0604,21.8973
2019-09-01,21.067,21.6828,20.98,21.4248,21.2368
2019-09-02,21.4202,22.8303,21.01,22.7449,22.3931
2019-09-03,22.7354,22.89,22.1615,22.3511,22.5451
2019-09-04,22.3521,22.5998,21.4699,21.6764,21.7063
2019-09-05,21.6888,23.5213,21.3,22.6388,21.52
2019-09-06,22.6388,23.445,21.6997,21.9906,22.3821
2019-09-07,21.9907,22.65,21.91,22.3996,22.127
2019-09-08,22.3998,22.7321,22.0,22.4111,22.6977
2019-09-09,22.3747,22.4901,21.74,22.0978,22.1749
2019-09-10,22.1038,22.3262,21.5,21.7679,22.1145
2019-09-11,21.7679,22.0724,20.5413,20.7334,21.4
2019-09-12,20.7315,20.9572,19.65,20.82,20.7285
2019-09-13,20.82,21.2475,20.4088,20.788,20.8761
2019-09-14,20.7889,21.15,20.6714,20.9555,20.8884
2019-09-15,20.9555,21.0419,20.2619,20.2901,20.6005
2019-09-16,20.2924,20.8,19.8775,20.2422,20.4214
2019-09-17,20.251,21.439,20.03,21.0473,20.6001
2019-09-18,21.033,23.17,20.9442,22.2018,22.0163
2019-09-19,22.203,22.4383,20.0022,21.5376,20.5973
2019-09-20,21.5555,21.5764,20.9005,21.2695,21.2
2019-09-21,21.2742,21.4494,20.8096,20.9666,20.901
2019-09-22,20.9631,20.9912,20.0,20.3602,20.5508
2019-09-23,20.3602,20.364,19.1614,19.3228,19.7762
2019-09-24,19.3228,19.5,14.5,15.8249,19.2982
2019-09-25,15.824,16.4882,14.8945,16.0321,16.1593
2019-09-26,16.0116,16.4,14.2555,15.2212,14.9995
2019-09-27,15.2212,15.777,14.7,15.6666,15.21
2019-09-28,15.6666,15.8729,15.2911,15.7346,15.7099
2019-09-29,15.7346,15.7953,14.8018,15.1999,15.0373
2019-09-30,15.1999,15.8506,14.62,15.8349,15.6569
2019-10-01,15.8349,16.28,15.6295,15.8563,15.9202
2019-10-02,15.8684,15.8892,15.5,15.8742,15.605
2019-10-03,15.8742,15.929,15.25,15.6377,15.8387
2019-10-04,15.6377,15.82,15.21,15.6133,15.4291
2019-10-05,15.6028,15.7794,15.3644,15.6869,15.5599
2019-10-06,15.6888,15.7299,14.9,15.0688,15.2981
2019-10-07,15.0666,16.128,14.8555,16.0255,15.7
2019-10-08,16.0274,16.4007,15.7959,16.0213,16.1002
2019-10-09,16.0206,17.9999,15.8829,17.7177,17.5005
2019-10-10,17.7086,17.918,17.031,17.5288,17.2699
2019-10-11,17.5318,17.7,16.51,16.5666,16.8338
2019-10-12,16.5666,17.4868,16.5059,17.17,17.345
2019-10-13,17.1666,18.7699,17.111,18.256,17.8006
2019-10-14,18.256,18.6275,17.8511,18.4376,18.4202
2019-10-15,18.4389,19.17,18.1,18.5643,18.6998
2019-10-16,18.5513,18.647,17.3627,17.7401,18.1986
2019-10-17,17.7555,18.8346,17.562,18.5188,18.4362
2019-10-18,18.5205,18.7501,17.6733,18.2188,17.9312
2019-10-19,18.2188,18.4444,17.8575,18.2229,18.094
2019-10-20,18.2229,18.58,17.7152,18.4997,18.3108
2019-10-21,18.4942,18.5171,17.91,18.2551,18.1901
2019-10-22,18.2443,18.8,18.0692,18.2286,18.521
2019-10-23,18.2363,18.268,16.1213,16.6796,18.1007
2019-10-24,16.6994,17.0987,16.31,16.9194,16.9396
2019-10-25,16.917,19.111,16.7516,18.6188,18.7001
2019-10-26,18.6194,19.7653,18.0308,18.9501,18.1573
2019-10-27,18.9311,19.63,18.4744,19.2888,19.1139
2019-10-28,19.2888,21.15,19.26,19.939,20.021
2019-10-29,19.9174,21.2378,19.81,20.7452,20.6995
2019-10-30,20.7458,20.7975,19.1076,20.052,19.9008
2019-10-31,20.0614,20.37,19.3529,19.9099,20.0027
2019-11-01,19.9099,20.0399,19.6424,19.9999,19.8777
2019-11-02,19.9983,20.3,19.96,20.1745,20.1955
2019-11-03,20.1733,20.39,19.8053,20.1874,19.9875
2019-11-04,20.19,20.88,20.0285,20.6139,20.7311
2019-11-05,20.5947,20.89,20.32,20.6588,20.6777
2019-11-06,20.6452,20.9399,20.4408,20.7,20.6742
2019-11-07,20.7,20.849,19.91,20.4208,20.2903
2019-11-08,20.4375,20.5164,19.2609,19.646,20.3522
2019-11-09,19.646,19.9632,19.4626,19.6999,19.8697
2019-11-10,19.6999,20.6,19.6694,20.4333,20.3981
2019-11-11,20.4148,20.6277,19.7497,20.0888,20.1384
2019-11-12,20.0888,20.9798,19.9443,20.9798,20.2241
2019-11-13,20.9797,21.8,20.68,21.3846,21.0107
2019-11-14,21.3664,21.6492,20.7111,21.3166,21.5996
2019-11-15,21.3166,21.3353,19.9614,20.2735,20.0736
2019-11-16,20.2871,20.5999,19.9,20.1631,20.1485
2019-11-17,20.1687,20.4359,19.75,20.194,19.9002
2019-11-18,20.1888,20.1916,18.6,19.0817,19.0606
2019-11-19,19.0632,19.28,18.08,18.4997,18.7995
2019-11-20,18.4999,18.7494,17.7738,18.0826,18.1599
2019-11-21,18.0826,18.2399,16.34,16.7985,17.7274
2019-11-22,16.7986,17.2798,14.2846,15.485,15.0617
2019-11-23,15.485,16.3483,14.957,16.232,16.0003
2019-11-24,16.2171,16.506,14.9,14.9964,16.0007
2019-11-25,14.9985,15.76,13.88,15.1457,15.1996
2019-11-26,15.1667,15.89,14.9382,15.3564,15.0258
2019-11-27,15.3476,16.2255,14.5811,16.0888,16.0759
2019-11-28,16.0888,16.1899,15.4404,15.5333,15.8803
2019-11-29,15.5255,16.2998,15.4692,16.2281,15.9386
2019-11-30,16.2281,16.2765,15.4501,15.7118,15.6128
2019-12-01,15.7139,15.7139,14.8,15.4297,15.2997
2019-12-02,15.4342,15.62,15.019,15.1288,15.1507
2019-12-03,15.1394,15.4255,15.0475,15.2542,15.2627
2019-12-04,15.2545,15.88,14.8275,15.1,15.5495
2019-12-05,15.1,15.72,14.806,15.6555,15.0547
2019-12-06,15.6466,15.7498,15.3,15.6666,15.5406
2019-12-07,15.6666,15.8199,15.519,15.6067,15.5999
2019-12-08,15.6067,15.72,15.3496,15.6121,15.6405
2019-12-09,15.6122,15.799,15.1838,15.3284,15.6285
2019-12-10,15.3284,15.3454,14.6,14.8088,15.3
2019-12-11,14.8088,14.9984,14.6,14.78,14.9
2019-12-12,14.78,14.8495,14.35,14.7238,14.7412
2019-12-13,14.7165,14.9775,14.66,14.8555,14.8366
2019-12-14,14.8555,15.0,14.1629,14.3888,14.8913
2019-12-15,14.3887,14.493,14.1361,14.3949,14.3018
2019-12-16,14.3961,14.4356,13.258,13.4544,14.1908
2019-12-17,13.4544,13.475,12.1111,12.381,12.6398
2019-12-18,12.39,13.7348,12.21,13.6158,13.0671
2019-12-19,13.6271,13.7631,12.9624,13.3441,13.2995
2019-12-20,13.3547,13.5291,13.08,13.5,13.4801
2019-12-21,13.4932,13.51,13.26,13.2933,13.3513
2019-12-22,13.2933,13.8309,13.2689,13.7798,13.3624
2019-12-23,13.7798,13.9447,13.2,13.2998,13.8155
2019-12-24,13.2987,13.5916,13.2299,13.3369,13.3369
2019-12-25,13.3366,13.3522,12.85,13.0666,13.2188
2019-12-26,13.0668,13.5466,13.023,13.1414,13.2002
2019-12-27,13.1414,13.2981,12.8927,13.2888,13.1977
2019-12-28,13.2888,13.72,13.2569,13.6779,13.6953
2019-12-29,13.681,14.2186,13.575,14.104,13.6092
2019-12-30,14.0901,14.3796,13.78,13.8597,13.8599
2019-12-31,13.8599,14.0564,13.64,13.7161,13.8212
2020-01-01,13.7153,13.8692,13.65,13.7184,13.7996
2020-01-02,13.7182,13.7302,12.98,13.0105,13.0332
2020-01-03,13.0105,13.75,12.9801,13.6474,13.0
2020-01-04,13.6393,13.871,13.5102,13.8092,13.6789
2020-01-05,13.7911,14.3133,13.791,14.0532,14.0002
2020-01-06,14.0488,14.9873,14.0168,14.9471,14.4
2020-01-07,14.9402,15.187,14.456,15.0226,15.0006
2020-01-08,15.0204,15.32,14.2,14.5334,15.0724
2020-01-09,14.5334,14.5823,14.201,14.3978,14.5002
2020-01-10,14.3806,15.0973,14.11,15.07,14.9834
2020-01-11,15.07,15.32,14.7111,14.9177,14.9998
2020-01-12,14.9177,15.4707,14.8001,15.3366,15.2902
2020-01-13,15.3374,15.3572,14.9295,15.1736,15.0574
2020-01-14,15.1669,16.91,15.1659,16.6371,15.3002
2020-01-15,16.5957,18.19,16.27,17.6655,17.5608
2020-01-16,17.6575,17.6923,16.31,17.0333,16.9394
2020-01-17,17.04,18.4849,17.04,18.0724,18.0
2020-01-18,18.0759,18.3602,17.45,17.8088,17.806
2020-01-19,17.7853,18.495,16.6666,17.388,18.2198
2020-01-20,17.3706,17.5516,16.8043,17.3235,17.2152
2020-01-21,17.3235,18.2,17.2228,18.1166,17.7044
2020-01-22,18.1165,18.4,17.55,17.8344,18.2505
2020-01-23,17.8339,17.8339,16.7441,17.0524,17.4429
2020-01-24,17.0813,17.4429,16.4288,17.1148,16.5005
2020-01-25,17.0997,17.1215,16.5685,16.9555,16.733
2020-01-26,16.9337,17.499,16.8315,17.499,17.4001
2020-01-27,17.4777,17.95,17.2198,17.67,17.5101
2020-01-28,17.662,18.16,17.4466,18.0662,17.8998
2020-01-29,18.0078,18.4437,17.809,17.9134,18.1936
2020-01-30,17.9158,18.7027,17.7,18.5555,18.4995
2020-01-31,18.5557,18.88,17.8,18.2644,18.4498
2020-02-01,18.2585,18.5956,18.03,18.2752,18.2
2020-02-02,18.2871,18.7714,17.8277,18.4333,18.6999
2020-02-03,18.4332,18.8763,18.1959,18.46,18.412
2020-02-04,18.46,18.6158,17.87,18.1778,18.0004
2020-02-05,18.1778,19.4583,18.1635,19.262,19.0001
2020-02-06,19.2622,20.84,19.03,20.6675,20.0002
2020-02-07,20.655,22.5221,20.5199,22.0555,21.9997
2020-02-08,22.0536,22.19,20.8943,21.7888,21.8126
2020-02-09,21.7885,24.3814,21.7747,24.38,22.95
2020-02-10,24.3493,25.7935,23.3,25.1465,24.8149
2020-02-11,25.105,25.74,24.1202,25.6963,24.9994
2020-02-12,25.6888,26.9196,25.3402,26.4243,25.5304
2020-02-13,26.4125,27.1905,24.5995,25.4579,25.1546
2020-02-14,25.4621,26.513,25.0304,26.3547,25.6162
2020-02-15,26.3644,26.4931,23.5288,24.2576,26.3184
2020-02-16,24.2128,25.2485,21.8,23.3193,23.9555
2020-02-17,23.3318,23.6,21.551,23.4555,22.9769
2020-02-18,23.4565,24.4588,22.8013,24.0821,24.0003
2020-02-19,24.0821,24.3264,21.8,22.3709,23.9248
2020-02-20,22.3404,22.6741,21.0,22.1626,22.0001
2020-02-21,22.1626,22.8639,21.7677,22.1888,22.3872
2020-02-22,22.1889,22.35,21.5,21.9689,21.9994
2020-02-23,21.9458,22.98,21.9275,22.8452,22.7602
2020-02-24,22.825,23.255,21.4844,22.0965,23.0
2020-02-25,22.0967,22.0967,20.0711,20.3193,21.0159
2020-02-26,20.3413,20.5191,17.9,18.7441,18.459
2020-02-27,18.6997,19.6499,17.7051,19.2,19.3492
2020-02-28,19.1594,19.7551,17.9053,18.9838,18.6897
2020-02-29,18.9811,20.4,18.8,19.23,19.5067
2020-03-01,19.2296,19.8994,18.488,18.902,19.2998
2020-03-02,18.8998,20.0722,18.7583,19.9289,20.0368
2020-03-03,19.9164,20.3865,19.3156,19.6882,19.8093
2020-03-04,19.6881,20.2847,19.5131,19.95,19.8273
2020-03-05,19.95,21.4585,19.9401,20.7462,20.8101
2020-03-06,20.7462,21.7628,20.6303,21.3389,21.1906
2020-03-07,21.3388,21.49,19.7183,20.25,21.0006
2020-03-08,20.25,20.2612,16.7315,16.894,18.0113
2020-03-09,16.9053,17.4775,15.6168,16.5888,16.1315
2020-03-10,16.5891,17.4475,16.3107,16.8671,16.5839
2020-03-11,16.8512,17.1388,15.41,16.5705,15.9627
2020-03-12,16.573,16.6,8.89,9.2566,12.0073
2020-03-13,9.2148,11.5572,6.38,10.9204,9.4978
2020-03-14,10.9391,11.2886,9.8652,10.1487,10.4572
2020-03-15,10.1307,11.2644,9.9768,10.3898,10.4995
2020-03-16,10.3747,10.3952,8.4422,9.4285,10.1043
2020-03-17,9.4285,10.49,9.3265,10.2576,10.1626
2020-03-18,10.255,10.4301,9.6539,10.3866,10.2982
2020-03-19,10.3917,12.6891,10.226,12.2597,10.4968
2020-03-20,12.2556,13.65,10.4014,11.9147,11.6471
2020-03-21,11.8803,12.4199,11.25,12.1,11.9999
2020-03-22,12.095,12.4754,11.0145,11.167,12.1509
2020-03-23,11.1549,12.49,10.8427,12.1887,11.9876
2020-03-24,12.1888,12.5834,11.91,12.426,12.4011
2020-03-25,12.4152,12.7108,12.0561,12.3251,12.3466
2020-03-26,12.3189,13.2565,12.19,13.199,13.0752
2020-03-27,13.1818,13.3655,12.16,12.3354,13.0808
2020-03-28,12.3365,12.3588,11.6414,12.1888,12.1364
2020-03-29,12.1782,12.2425,11.275,11.3008,11.7932
2020-03-30,11.3,12.4277,11.2552,12.1365,12.1466
2020-03-31,12.1368,12.7322,12.118,12.5451,12.6216
2020-04-01,12.5437,12.7386,11.96,12.72,12.299
2020-04-02,12.72,13.7362,12.5349,13.0166,13.0806
2020-04-03,13.0189,13.57,12.9106,13.3615,13.181
2020-04-04,13.367,14.0561,13.1724,13.7606,13.7994
2020-04-05,13.7556,13.9638,13.4002,13.6888,13.7086
2020-04-06,13.6888,15.2149,13.6371,15.1989,14.9599
2020-04-07,15.1939,15.49,14.2503,14.7266,15.1396
2020-04-08,14.7266,15.3486,14.57,15.0888,15.0303
2020-04-09,15.0889,15.2011,14.6279,15.0096,15.0318
2020-04-10,15.0136,15.0797,13.47,13.72,14.7211
2020-04-11,13.7243,14.0808,13.5234,13.807,14.0366
2020-04-12,13.8134,14.8399,13.6439,14.2808,13.7916
2020-04-13,14.2687,15.0799,13.6289,15.0277,14.7506
2020-04-14,15.0145,15.9555,14.7835,15.6148,15.4394
2020-04-15,15.6176,15.8888,14.4913,14.5755,15.7247
2020-04-16,14.5757,15.7669,14.116,15.7394,15.5923
2020-04-17,15.7384,15.92,15.2501,15.64,15.6201
2020-04-18,15.6339,16.8183,15.6242,16.6137,16.3915
2020-04-19,16.6103,16.6933,15.8509,16.0683,16.1712
2020-04-20,16.0677,16.4499,14.8219,14.9892,15.0252
2020-04-21,14.976,15.4416,14.6945,15.1283,15.24
2020-04-22,15.1381,15.803,14.9112,15.7104,15.6279
2020-04-23,15.7096,16.4666,15.4102,16.034,16.1806
2020-04-24,16.0499,16.2568,15.68,15.9319,15.9562
2020-04-25,15.9263,16.4305,15.7761,16.2283,16.1996
2020-04-26,16.222,16.4435,16.04,16.3588,16.2467
2020-04-27,16.3655,16.56,16.063,16.4229,16.217
2020-04-28,16.423,16.49,16.1125,16.34,16.3017
2020-04-29,16.34,17.5171,16.3,17.3667,16.3864
2020-04-30,17.3649,18.1377,16.5,16.9542,17.0808
2020-05-01,16.9458,17.8551,16.9381,17.466,17.4983
2020-05-02,17.4665,17.5711,17.2599,17.5333,17.505
2020-05-03,17.5393,17.81,16.8711,17.1071,17.0138
2020-05-04,17.1067,17.3267,16.2556,17.0074,16.8912
2020-05-05,17.0117,17.2993,16.606,16.8886,16.7782
2020-05-06,16.8814,17.145,16.3018,16.3743,16.9358
2020-05-07,16.3667,17.24,16.1218,17.0003,16.6
2020-05-08,17.0004,17.3977,16.823,17.1371,17.2397
2020-05-09,17.1373,17.4926,16.733,16.7751,17.2419
2020-05-10,16.7748,16.79,13.9129,15.3506,15.3492
2020-05-11,15.3631,15.5468,14.01,15.0811,15.067
2020-05-12,15.0894,16.24,14.9586,15.7892,15.7993
2020-05-13,15.7845,16.35,15.6785,16.2164,16.2605
2020-05-14,16.2183,16.6982,16.0123,16.3777,16.3336
2020-05-15,16.3739,16.4719,15.4606,15.7222,15.572
2020-05-16,15.7221,16.2367,15.58,16.058,16.0101
2020-05-17,16.058,16.51,16.0014,16.2959,16.3792
2020-05-18,16.2961,16.862,16.2511,16.6299,16.5143
2020-05-19,16.6299,17.2488,16.3,17.2098,16.9244
2020-05-20,17.2007,17.3396,16.4851,16.8998,17.2202
2020-05-21,16.8994,17.0675,15.7218,16.0888,16.1996
2020-05-22,16.0961,16.924,15.9145,16.5864,16.7299
2020-05-23,16.5896,16.85,16.3202,16.48,16.551
2020-05-24,16.4787,16.79,15.9074,15.9624,16.6286
2020-05-25,15.9482,16.4161,15.8057,16.3807,16.3598
2020-05-26,16.3806,16.4979,15.9537,16.2159,16.1506
2020-05-27,16.2122,16.51,16.1554,16.47,16.4401
2020-05-28,16.4694,17.1405,16.389,17.0772,16.4874
2020-05-29,17.0673,17.198,16.6333,17.0031,17.083
2020-05-30,17.0031,17.7857,16.9291,17.7277,17.4795
2020-05-31,17.7311,18.1954,16.8419,17.0916,17.42
2020-06-01,17.1003,18.1224,16.9836,17.9477,17.4279
2020-06-02,17.9494,18.2,16.68,17.2669,17.8643
2020-06-03,17.2631,17.6275,16.9645,17.5779,17.3974
2020-06-04,17.5814,17.6527,17.0424,17.517,17.5265
2020-06-05,17.517,17.8999,17.4396,17.6914,17.7205
2020-06-06,17.68,17.7951,17.49,17.5511,17.6409
2020-06-07,17.5369,17.6371,16.8526,17.4135,17.5894
2020-06-08,17.4159,17.5454,17.2594,17.4489,17.3539
2020-06-09,17.4443,17.5098,17.0374,17.3733,17.3015
2020-06-10,17.3726,17.5833,17.13,17.406,17.3974
2020-06-11,17.407,17.5191,15.93,16.2298,16.8115
2020-06-12,16.2347,16.7999,16.0869,16.6377,16.5333
2020-06-13,16.6396,16.8179,16.49,16.8101,16.78
2020-06-14,16.8111,16.8398,16.4023,16.5729,16.779
2020-06-15,16.5727,16.5982,15.4,16.377,15.7113
2020-06-16,16.3761,16.6481,16.1562,16.4329,16.389
2020-06-17,16.4331,16.632,15.9709,16.3983,16.4448
2020-06-18,16.3944,16.5423,15.8783,16.1608,16.4344
2020-06-19,16.1666,16.3106,15.8966,15.9512,15.9871
2020-06-20,15.9527,16.0898,15.7,16.059,15.9809
2020-06-21,16.0587,16.3358,15.921,15.9775,15.9623
2020-06-22,15.9792,16.55,15.9499,16.5051,16.2676
2020-06-23,16.4976,16.5472,16.2602,16.3898,16.4761
2020-06-24,16.3897,16.6481,15.95,15.9968,16.0435
2020-06-25,15.9931,16.0816,15.5,15.906,15.9239
2020-06-26,15.9036,15.9996,15.5715,15.7694,15.7718
2020-06-27,15.7795,15.8714,14.8,15.1242,15.8012
2020-06-28,15.1241,15.4944,14.9249,15.3782,15.3673
2020-06-29,15.3813,15.5901,15.204,15.4656,15.4984
2020-06-30,15.4736,15.5476,15.2519,15.3838,15.3981
2020-07-01,15.3838,15.8888,15.3363,15.8144,15.7901
2020-07-02,15.8001,15.9796,15.0743,15.3634,15.9028
2020-07-03,15.3625,15.488,15.2484,15.2863,15.3946
2020-07-04,15.2642,15.6399,15.2239,15.5548,15.3672
2020-07-05,15.5595,15.6135,15.1,15.4885,15.4966
2020-07-06,15.4825,16.3496,15.4401,16.311,15.7152
2020-07-07,16.3,16.8757,16.0301,16.8048,16.7304
2020-07-08,16.793,17.455,16.5683,17.2819,16.8395
2020-07-09,17.2749,17.5,16.4088,16.8274,16.824
2020-07-10,16.8352,17.331,16.4438,17.3123,17.0832
2020-07-11,17.3073,17.6888,17.018,17.6205,17.5715
2020-07-12,17.6208,18.59,17.5928,18.2994,18.3803
2020-07-13,18.3053,18.9999,17.7282,18.4046,18.8387
2020-07-14,18.3945,18.77,17.8266,18.079,18.1999
2020-07-15,18.0774,18.1538,17.4194,17.6351,17.9823
2020-07-16,17.6364,17.7618,16.5473,17.1647,17.5253
2020-07-17,17.1588,17.4825,16.9354,17.0676,17.3792
2020-07-18,17.0656,17.3247,16.8122,17.1507,17.0394
2020-07-19,17.1519,18.098,16.89,18.0154,17.8995
2020-07-20,18.0159,18.34,17.235,17.4645,18.2095
2020-07-21,17.4645,17.9799,17.4,17.7285,17.6008
2020-07-22,17.7113,18.1151,17.45,18.09,17.725
2020-07-23,18.0963,18.77,18.043,18.75,18.2479
2020-07-24,18.7466,19.55,18.235,19.1853,18.4255
2020-07-25,19.1923,20.0434,19.1451,19.8242,19.8094
2020-07-26,19.8217,20.49,19.2639,19.5557,19.6888
2020-07-27,19.5682,20.1999,18.4,19.7474,19.4248
2020-07-28,19.763,20.6834,19.4281,20.1732,20.2039
2020-07-29,20.1728,20.4091,19.7404,19.899,19.966
2020-07-30,19.8989,20.0995,19.5111,19.97,20.0395
2020-07-31,19.9794,20.855,19.9102,20.6615,20.6341
2020-08-01,20.6543,21.74,20.51,21.6168,20.8997
2020-08-02,21.6227,22.1832,19.1,20.9898,20.9013
2020-08-03,20.9899,22.5,20.7,22.0504,21.9999
2020-08-04,22.0491,22.4433,21.41,22.2818,22.3657
2020-08-05,22.2931,23.54,22.0566,23.2728,23.137
2020-08-06,23.2672,23.315,22.5,22.7487,22.9447
2020-08-07,22.746,22.9999,21.4515,22.3323,22.4185
2020-08-08,22.3314,22.9241,21.8571,22.9234,22.5198
2020-08-09,22.9229,22.9229,22.0462,22.422,22.3832
2020-08-10,22.4265,22.77,22.0462,22.6369,22.4989
2020-08-11,22.6365,22.7306,20.66,21.2902,22.4227
2020-08-12,21.2982,21.982,20.571,21.4919,20.8513
2020-08-13,21.499,21.856,20.64,21.7667,20.7995
2020-08-14,21.78,23.3019,21.26,23.1047,22.9589
2020-08-15,23.0905,23.7884,22.7,23.0881,23.2976
2020-08-16,23.1076,23.779,22.7,23.529,23.2773
2020-08-17,23.5321,23.91,22.9584,23.4961,23.1673
2020-08-18,23.4975,23.78,22.333,22.9705,23.1999
2020-08-19,22.9824,23.25,21.8219,22.3761,22.7001
2020-08-20,22.3897,23.3,22.0265,23.0888,23.0721
2020-08-21,23.0888,23.32,21.5,22.0988,21.8469
2020-08-22,22.1008,22.2464,21.2814,22.2044,22.149
2020-08-23,22.2004,22.2348,21.2841,21.8555,21.7288
2020-08-24,21.8524,22.9746,21.6655,22.5953,22.4873
2020-08-25,22.5817,22.6415,20.9805,21.3882,21.3194
2020-08-26,21.3875,22.4743,21.2651,22.1999,22.3499
2020-08-27,22.1804,23.1507,21.8064,23.1127,21.9839
2020-08-28,23.1191,23.5846,22.6158,23.0811,23.1266
2020-08-29,23.0786,23.5,22.7416,22.9398,22.8223
2020-08-30,22.92,23.83,22.9,23.6208,23.0242
2020-08-31,23.6145,23.9,22.967,23.1477,23.2052
2020-09-01,23.1455,25.41,22.84,24.7028,23.3807
2020-09-02,24.7101,25.8262,23.1215,24.7652,24.5104
2020-09-03,24.7523,25.54,19.8765,20.3592,22.2416
2020-09-04,20.4288,21.83,19.2,20.9712,20.3584
2020-09-05,20.9992,21.5539,18.011,19.4698,19.4538
2020-09-06,19.4856,23.4418,18.5283,23.142,22.2582
2020-09-07,23.1382,23.5545,20.0,22.4426,22.2068
2020-09-08,22.479,23.42,21.2739,23.2837,22.3875
2020-09-09,23.2757,24.5201,22.4139,24.4716,23.6257
2020-09-10,24.5088,25.67,24.0568,24.5489,24.5793
2020-09-11,24.5178,25.6969,23.0677,25.399,25.373
2020-09-12,25.4065,28.5305,25.3575,28.505,27.4881
2020-09-13,28.5059,32.4401,27.61,31.1656,28.8686
2020-09-14,31.1526,33.3888,29.0,31.2523,30.0082
2020-09-15,31.2674,31.278,26.7123,27.1181,28.3565
2020-09-16,27.1076,28.4724,25.82,27.8695,26.9192
2020-09-17,27.8521,28.83,26.05,27.095,28.3566
2020-09-18,27.0993,28.75,26.5708,27.629,28.2778
2020-09-19,27.634,27.977,26.6591,27.2035,27.3757
2020-09-20,27.1936,27.32,25.1247,26.316,25.6501
2020-09-21,26.3142,26.68,22.1,23.1232,24.0606
2020-09-22,23.1203,24.565,22.6666,24.0468,23.2612
2020-09-23,24.0348,24.3437,22.4514,22.8331,23.274
2020-09-24,22.829,24.6999,22.5661,24.5745,24.1445
2020-09-25,24.5667,25.0799,23.7111,24.6924,24.3762
2020-09-26,24.6925,26.4628,24.475,26.1998,24.7989
2020-09-27,26.1694,26.9,25.5012,26.251,26.1068
2020-09-28,26.2429,27.72,25.8313,26.9855,26.5142
2020-09-29,26.9922,29.0,26.86,28.8946,28.4997
2020-09-30,28.8808,29.5646,27.8813,29.2656,28.7967
2020-10-01,29.262,29.3927,26.2111,27.4673,26.9989
2020-10-02,27.4539,28.3633,25.6652,27.3369,27.0038
2020-10-03,27.34,28.3997,27.0701,28.1867,27.9995
2020-10-04,28.1952,29.15,27.9658,28.9668,28.9481
2020-10-05,28.9809,29.2665,28.0687,28.6158,28.9987
2020-10-06,28.6383,28.99,27.25,27.6812,27.8002
2020-10-07,27.6854,27.8965,26.8401,27.6898,27.4694
2020-10-08,27.6898,27.8153,26.4999,27.7424,26.8235
2020-10-09,27.727,28.5368,27.4548,28.4076,28.4233
2020-10-10,28.41,29.2814,28.0666,28.4414,28.9995
2020-10-11,28.4178,28.72,27.876,28.5271,28.4981
2020-10-12,28.5201,31.1299,28.4338,30.6503,30.8009
2020-10-13,30.6373,31.7999,30.187,30.7256,30.9984
2020-10-14,30.7294,31.33,30.3733,30.838,30.7281
2020-10-15,30.8322,31.6663,30.399,31.3256,31.247
2020-10-16,31.3166,31.9798,29.5705,30.0516,30.2068
2020-10-17,30.0478,30.564,29.6521,30.2414,30.2162
2020-10-18,30.2275,31.0354,30.165,30.6593,30.7441
2020-10-19,30.6584,30.6725,29.7002,29.9107,30.3
2020-10-20,29.9044,30.0892,28.5,28.8227,29.9247
2020-10-21,28.8131,30.4074,28.6406,29.7329,29.4477
2020-10-22,29.7237,31.3,29.6655,30.6396,30.9765
2020-10-23,30.6212,31.2,30.0652,30.6377,30.7997
2020-10-24,30.643,30.8781,30.4243,30.6639,30.6974
2020-10-25,30.6268,30.9726,29.8805,30.128,30.328
2020-10-26,30.1257,31.43,29.96,31.0467,30.3761
2020-10-27,31.0399,32.3788,30.9,31.4826,31.486
2020-10-28,31.4664,31.9375,29.8,30.3338,31.6363
2020-10-29,30.332,30.4272,29.47,29.8702,30.2527
2020-10-30,29.8628,30.2596,27.5111,28.4909,28.5637
2020-10-31,28.496,28.888,28.1132,28.5058,28.5697
2020-11-01,28.4686,28.679,28.0,28.5318,28.1581
2020-11-02,28.553,29.3079,27.7782,27.7983,28.4338
2020-11-03,27.79,27.7901,25.7499,26.8638,26.7128
2020-11-04,26.876,26.97,25.9,26.96,26.6647
2020-11-05,26.9637,27.8947,26.6601,27.6875,27.5807
2020-11-06,27.6915,29.4692,27.6668,29.0435,28.9969
2020-11-07,29.027,29.899,26.85,27.7651,29.1317
2020-11-08,27.7618,28.6943,27.449,28.4101,28.5486
2020-11-09,28.4126,28.9691,27.3461,28.0941,28.2859
2020-11-10,28.0834,28.488,27.6114,28.2188,28.1662
2020-11-11,28.2094,28.5999,27.7966,28.016,28.1046
2020-11-12,27.9877,28.1599,27.3028,27.6874,28.0098
2020-11-13,27.7188,28.5198,27.5284,28.1974,27.7706
2020-11-14,28.1973,28.1973,27.3684,27.9311,27.7448
2020-11-15,27.947,28.2332,27.07,27.6786,27.4275
2020-11-16,27.6786,28.2202,27.4461,27.9451,27.6718
2020-11-17,27.9504,28.8,27.9262,28.5552,28.5674
2020-11-18,28.5508,28.838,27.5,28.0931,28.6077
2020-11-19,28.1042,28.3666,27.6183,28.1387,28.0855
2020-11-20,28.1259,29.3516,28.0598,28.9715,28.2607
2020-11-21,28.9802,30.8,28.2955,30.5161,29.9991
2020-11-22,30.5172,31.12,29.0,30.0226,30.0403
2020-11-23,30.0415,31.1,29.786,30.995,30.423
2020-11-24,30.9996,35.14,30.7934,33.9407,33.198
2020-11-25,33.9368,35.4338,30.439,31.2953,33.1019
2020-11-26,31.2763,31.7708,26.35,28.2356,26.6738
2020-11-27,28.2238,28.7175,27.2042,28.4606,28.4551
2020-11-28,28.4531,29.6175,27.9,29.1766,29.3435
2020-11-29,29.1435,30.45,28.8544,30.1045,30.1141
2020-11-30,30.1035,31.5999,29.723,31.4935,30.8005
2020-12-01,31.4935,31.8875,29.17,30.1996,31.4081
2020-12-02,30.1924,30.9993,29.5306,30.2875,30.2506
2020-12-03,30.2579,30.793,29.8568,30.7065,30.3042
2020-12-04,30.6868,31.1371,28.7051,29.0231,29.3011
2020-12-05,29.0302,30.0588,28.6588,29.728,29.1812
2020-12-06,29.7216,30.1819,29.0124,29.5026,29.6544
2020-12-07,29.5034,29.6685,29.06,29.37,29.3002
2020-12-08,29.372,29.4998,27.45,27.6705,28.2871
2020-12-09,27.667,28.3853,26.9244,28.1452,28.2995
2020-12-10,28.1404,28.2997,27.39,27.6926,27.6662
2020-12-11,27.7054,27.77,26.7273,27.3419,27.2405
2020-12-12,27.3438,28.23,27.2542,28.1603,27.7426
2020-12-13,28.171,29.2628,28.0,29.1571,28.888
2020-12-14,29.1344,30.1884,28.6669,30.0338,29.9948
2020-12-15,30.0395,30.379,29.3069,29.5053,29.6978
2020-12-16,29.5116,30.614,29.0265,30.5577,30.1528
2020-12-17,30.5562,31.5489,29.6891,30.2255,31.0005
2020-12-18,30.216,31.2172,29.61,30.9882,30.2453
2020-12-19,30.9956,34.2307,30.8812,33.3167,32.4452
2020-12-20,33.2936,35.69,32.5899,34.3148,34.7766
2020-12-21,34.3076,35.6,31.4871,32.05,32.2892
2020-12-22,32.0499,33.8,30.4719,33.5151,32.2512
2020-12-23,33.512,34.505,30.0,31.1843,33.9976
2020-12-24,31.1853,32.7589,30.0,32.4895,32.1274
2020-12-25,32.4994,33.4954,31.7313,33.1996,32.6195
2020-12-26,33.2064,34.0495,32.51,33.6361,33.5952
2020-12-27,33.6578,34.99,31.8601,33.674,33.5018
2020-12-28,33.6741,36.15,33.3105,35.951,35.5001
2020-12-29,35.9598,39.9999,35.3015,39.0667,37.9006
2020-12-30,39.0666,39.27,36.8131,38.1558,37.8311
2020-12-31,38.157,38.2133,36.5157,37.3588,36.9224
2021-01-01,37.3605,38.959,36.9555,37.7762,37.7555
2021-01-02,37.7915,38.8798,36.8,38.2331,37.1208
2021-01-03,38.2322,41.7017,37.763,41.2575,40.9969
2021-01-04,41.3236,43.2039,38.02,41.1333,39.3706
2021-01-05,41.1615,41.8375,38.8014,41.8219,39.9987
2021-01-06,41.8432,42.267,40.4531,42.2417,41.4446
2021-01-07,42.266,44.9,41.366,43.5728,43.8994
2021-01-08,43.5868,43.651,40.2313,42.356,42.4987
2021-01-09,42.362,44.0552,41.5,43.8479,42.3428
2021-01-10,43.8569,45.162,40.0,42.4031,44.1532
2021-01-11,42.4398,42.4766,35.0374,38.1674,37.5043
2021-01-12,38.1736,40.1989,37.0,38.2541,39.0026
2021-01-13,38.2512,40.4499,37.02,40.1114,37.77
2021-01-14,40.1114,42.0,39.5739,41.8723,39.8983
2021-01-15,41.8786,42.5622,38.6616,40.8668,41.4326
2021-01-16,40.895,44.12,40.625,43.142,43.0
2021-01-17,43.1382,46.7228,40.9192,45.8675,45.9036
2021-01-18,45.8474,46.8888,44.0278,45.3412,45.1782
2021-01-19,45.3825,47.2187,41.7,42.5241,45.4307
2021-01-20,42.5092,43.0992,40.2,42.6069,41.7065
2021-01-21,42.6157,42.7176,38.2,38.6343,40.0098
2021-01-22,38.6471,41.528,36.8518,40.8936,40.5629
2021-01-23,40.9115,41.88,39.4555,40.9109,40.6283
2021-01-24,40.9356,42.2,40.3144,41.8263,41.9199
2021-01-25,41.8292,43.4241,40.5364,41.8347,42.4511
2021-01-26,41.7827,42.598,39.6955,41.8396,40.6348
2021-01-27,41.8638,42.0984,39.6102,40.8826,40.9615
2021-01-28,40.8795,43.085,40.317,42.5254,42.3356
2021-01-29,42.5034,44.0,41.8017,42.8618,42.7283
2021-01-30,42.8624,45.1071,42.5911,44.7849,44.4992
2021-01-31,44.7918,45.8269,43.3,44.3292,44.7933
2021-02-01,44.3255,52.3736,43.4331,51.4781,49.9507
2021-02-02,51.4492,53.0,49.1572,51.0071,50.1287
2021-02-03,51.0097,52.7,49.7823,52.12,51.383
2021-02-04,52.12,57.0547,51.25,55.9599,52.9584
2021-02-05,55.9582,68.73,55.9222,67.7005,56.4958
2021-02-06,67.6333,75.5,61.7,72.8356,72.839
2021-02-07,72.893,74.8199,64.1803,68.3542,65.8215
2021-02-08,68.375,79.8823,67.6152,79.8374,72.1051
2021-02-09,79.8545,116.24,78.0381,107.3469,106.1833
2021-02-10,107.3897,148.4,107.387,128.9711,129.8892
2021-02-11,128.824,132.8,117.7289,124.085,123.275
2021-02-12,124.2767,141.32,120.89,136.6139,134.9812
2021-02-13,136.7332,138.5067,125.0,133.3496,131.711
2021-02-14,133.2546,139.0,128.4615,135.8623,131.8005
2021-02-15,135.9784,139.369,118.0,130.303,132.4951
2021-02-16,129.9989,133.4925,126.0,130.183,130.1828
2021-02-17,130.1346,175.9997,126.7546,165.3233,141.9712
2021-02-18,165.3641,199.88,162.7969,195.6,193.028
2021-02-19,195.664,348.6969,194.9279,333.111,264.9778
2021-02-20,333.5877,335.0,223.0,253.0,294.9351
2021-02-21,253.9,309.4995,249.7044,295.2597,293.9884
2021-02-22,295.1,296.0,220.5,267.5147,264.8736
2021-02-23,267.3691,269.444,186.1,231.3646,217.9298
2021-02-24,231.2601,281.0,213.0257,254.5056,244.9352
2021-02-25,254.3395,265.4014,231.5,234.9146,247.9911
2021-02-26,234.667,239.4,209.105,221.717,225.0189
2021-02-27,221.8901,237.77,219.011,225.3853,228.9576
2021-02-28,225.4986,229.4,195.0,210.2138,200.0034
2021-03-01,210.3485,260.0,209.1204,254.9637,250.0106
2021-03-02,254.9038,264.9,227.0,239.6841,252.0284
2021-03-03,239.7428,254.8481,236.002,240.5701,249.9938
2021-03-04,240.5634,249.9885,225.5308,229.6369,238.989
2021-03-05,229.6116,232.2,215.6439,225.4714,220.038
2021-03-06,225.4854,232.4996,219.1514,226.3814,223.5942
2021-03-07,226.3811,243.95,224.9542,240.11,236.4876
2021-03-08,240.0206,243.0986,228.7029,240.5509,235.5299
2021-03-09,240.6532,297.2962,235.6001,293.2052,271.9864
2021-03-10,293.2279,295.5,263.8184,278.4499,284.9846
2021-03-11,278.3211,315.2855,272.12,290.0301,289.9874
2021-03-12,290.0155,290.5,247.5547,263.2201,282.4853
2021-03-13,263.2201,284.2857,255.4206,276.2822,276.8977
2021-03-14,276.3665,276.8847,263.0003,263.238,270.6187
2021-03-15,262.8866,267.7453,249.5327,254.5144,258.0044
2021-03-16,254.3397,259.7847,240.199,258.5352,256.5892
2021-03-17,258.5954,272.1787,248.2001,269.7896,251.3367
2021-03-18,269.8798,277.8,257.01,261.4816,272.5513
2021-03-19,261.8109,269.0,255.0,262.935,265.7733
2021-03-20,262.9068,274.6805,261.4,264.3023,270.0431
2021-03-21,264.11,268.0305,257.0001,264.6513,263.2609
2021-03-22,264.798,277.0,252.9164,254.7976,266.6788
2021-03-23,255.0101,262.97,251.838,255.4646,258.5674
2021-03-24,255.4961,268.7062,240.3333,248.5236,254.6795
2021-03-25,248.4034,250.0912,224.9686,233.9466,241.6717
2021-03-26,233.9938,255.2113,233.8114,255.2105,247.005
2021-03-27,255.1241,276.0,249.5001,269.2234,253.4638
2021-03-28,269.2738,281.3939,261.0,268.4263,274.8292
2021-03-29,268.5907,277.9813,264.4585,275.2991,274.3727
2021-03-30,275.2687,311.5325,271.2857,311.2962,297.1613
2021-03-31,311.305,316.6997,284.0,302.3724,303.1081
2021-04-01,302.5001,339.0,300.7,334.7991,307.0539
2021-04-02,334.8077,356.9882,324.6162,338.2932,347.926
2021-04-03,338.3144,349.1347,315.91,321.9497,343.9599
2021-04-04,321.9891,352.3275,316.0,348.8617,349.0018
2021-04-05,348.8704,380.0,335.8442,368.0263,368.0003
2021-04-06,368.0913,411.755,363.8333,403.3648,392.0292
2021-04-07,403.375,414.3803,356.0,375.5538,385.0721
2021-04-08,375.5158,422.6323,371.78,418.7048,416.9883
2021-04-09,418.5874,453.9937,403.19,453.9937,439.0087
2021-04-10,453.9719,487.4062,450.0,471.2975,472.0026
2021-04-11,471.2345,529.211,458.0165,525.9275,492.952
2021-04-12,525.8876,638.5673,515.1,596.7104,565.0029
2021-04-13,596.8027,602.7871,530.2288,551.6442,564.0145
2021-04-14,551.599,590.5369,521.1313,550.0182,570.0761
2021-04-15,549.6338,556.9,533.7166,541.8824,548.9997
2021-04-16,541.8351,547.6074,489.7356,508.2743,520.0244
2021-04-17,508.2227,547.95,506.0,514.6861,517.3764
2021-04-18,514.8608,520.4237,428.0,481.4367,473.2624
2021-04-19,481.4868,540.0,467.8846,504.0322,524.9662
2021-04-20,504.1614,589.5,470.207,586.3635,528.9589
2021-04-21,586.4331,613.8975,535.9186,543.6327,585.018
2021-04-22,543.9388,582.7051,480.0,505.2411,546.0285
2021-04-23,505.1677,530.0,450.0,526.5357,493.1224
2021-04-24,526.4457,528.8088,482.3052,496.992,500.878
2021-04-25,496.9917,517.74,478.01,505.0,489.8006
2021-04-26,505.0,550.0,501.5,535.33,542.1137
2021-04-27,535.27,579.5,525.0,568.78,567.9815
2021-04-28,568.84,578.88,538.0,562.78,556.0665
2021-04-29,562.82,615.29,554.0,599.7,614.6275
2021-04-30,599.78,628.0,585.72,622.65,619.9869
2021-05-01,622.58,645.57,609.21,620.0,621.1402
2021-05-02,619.99,629.0,595.3,621.78,624.3271
2021-05-03,621.76,680.0,621.22,676.15,649.9501
2021-05-04,675.98,677.71,604.14,609.3,649.9572
2021-05-05,609.32,656.67,605.0,651.1,646.5147
2021-05-06,651.12,653.77,620.0,633.99,643.0439
2021-05-07,634.0,644.02,611.43,624.3,624.0203
2021-05-08,624.14,657.91,618.36,646.1,633.0026
2021-05-09,646.04,679.0,630.54,661.74,653.2668
2021-05-10,661.77,691.77,588.0,631.1,675.0624
2021-05-11,631.23,673.0,621.11,671.91,655.3158
2021-05-12,671.69,684.91,581.4,594.65,666.0026
2021-05-13,594.31,633.5,526.6,571.1,570.6001
2021-05-14,571.07,615.0,566.0,602.61,603.0473
2021-05-15,602.43,611.31,560.0,563.41,605.4299
2021-05-16,563.48,606.78,534.88,564.32,550.7126
2021-05-17,564.4,564.52,483.0,512.07,538.5362
2021-05-18,512.07,534.0,490.0,507.88,511.6677
2021-05-19,507.95,516.5,280.0,334.8,371.4448
2021-05-20,334.75,423.83,284.27,391.17,305.606
2021-05-21,391.17,415.71,274.0,326.01,338.1121
2021-05-22,326.1,335.82,284.55,299.76,311.1837
2021-05-23,299.72,313.45,211.7,260.72,234.933
2021-05-24,260.72,350.0,257.4,345.64,316.1233
2021-05-25,345.71,378.12,306.61,343.18,342.8887
2021-05-26,343.14,388.28,336.21,379.16,379.9507
2021-05-27,379.18,387.56,340.0,369.67,375.0017
2021-05-28,369.86,373.68,312.3,328.82,330.0216
2021-05-29,328.83,347.0,295.22,305.04,340.987
2021-05-30,305.29,338.32,291.06,325.57,330.0248
2021-05-31,325.55,356.0,307.55,353.33,342.9455
2021-06-01,353.39,364.4,339.48,362.39,353.3311
2021-06-02,362.34,419.43,350.43,401.54,410.6536
2021-06-03,401.63,433.0,391.32,428.48,420.0091
2021-06-04,428.6,429.5,365.0,390.7,387.978
2021-06-05,390.72,426.0,373.8,390.08,395.0072
2021-06-06,390.02,400.29,381.5,393.73,392.6831
2021-06-07,393.81,407.42,353.53,357.96,400.0153
2021-06-08,357.75,366.33,319.18,352.5,348.0455
2021-06-09,352.41,378.77,333.56,375.54,356.9756
2021-06-10,375.58,377.55,344.13,351.94,370.0021
2021-06-11,351.93,366.28,340.84,345.75,359.9928
2021-06-12,345.76,348.88,325.3,343.7,341.0332
2021-06-13,343.68,369.0,330.48,365.8,338.3878
2021-06-14,365.81,377.33,355.07,370.19,367.3557
2021-06-15,370.2,379.58,363.23,366.48,370.7252
2021-06-16,366.45,366.77,343.35,347.22,353.9903
2021-06-17,347.22,362.47,345.85,352.85,354.9882
2021-06-18,352.85,357.12,327.22,337.16,329.7017
2021-06-19,337.08,345.0,331.11,334.01,339.3495
2021-06-20,334.04,340.57,310.13,339.08,318.6975
2021-06-21,339.07,342.0,268.57,270.76,300.0024
2021-06-22,270.76,291.5,225.42,262.1,267.9132
2021-06-23,262.08,309.75,251.41,296.25,290.9997
2021-06-24,296.16,316.49,281.5,308.62,304.9655
2021-06-25,308.58,314.84,275.24,280.81,278.987
2021-06-26,280.83,290.33,264.26,279.65,271.7029
2021-06-27,279.62,291.7,269.72,290.87,284.9775
2021-06-28,290.87,299.96,283.55,290.0,295.0072
2021-06-29,289.97,315.6,289.19,300.79,307.9857
2021-06-30,300.79,304.88,281.53,303.71,293.4182
2021-07-01,303.74,304.0,281.0,287.43,286.6801
2021-07-02,287.48,290.74,276.4,287.17,281.8058
2021-07-03,287.15,303.21,282.77,298.13,295.0129
2021-07-04,298.11,314.91,292.58,307.62,306.0145
2021-07-05,307.66,307.68,291.0,302.02,299.9973
2021-07-06,302.08,322.5,301.8,319.92,317.2106
2021-07-07,319.67,340.0,318.23,327.51,334.9775
2021-07-08,327.46,328.21,304.4,310.14,315.5916
2021-07-09,310.08,319.69,301.43,317.09,316.1898
2021-07-10,317.07,321.44,310.57,316.12,314.996
2021-07-11,316.12,326.82,312.21,322.16,322.1596
2021-07-12,322.09,334.37,308.57,316.12,333.0183
2021-07-13,316.04,318.33,305.2,308.94,315.1438
2021-07-14,309.0,313.46,290.24,309.4,300.6333
2021-07-15,309.34,324.33,301.32,316.11,313.8547
2021-07-16,316.09,323.5,301.5,302.88,305.9826
2021-07-17,302.88,306.71,295.0,300.52,300.1148
2021-07-18,300.59,309.18,298.7,302.1,304.9199
2021-07-19,302.08,303.94,278.85,280.54,284.1187
2021-07-20,280.57,283.6,254.52,264.44,260.9999
2021-07-21,264.43,298.92,261.02,293.26,286.0566
2021-07-22,293.3,298.44,287.3,293.36,294.3766
2021-07-23,293.39,301.5,281.01,299.27,288.9123
2021-07-24,299.31,307.79,295.43,301.56,302.0068
2021-07-25,301.55,304.44,292.34,302.56,300.1547
2021-07-26,302.59,328.0,301.0,304.0,319.0913
2021-07-27,303.85,318.41,297.61,313.48,306.5313
2021-07-28,313.52,318.68,308.0,313.8,312.0024
2021-07-29,313.79,320.31,308.6,317.03,314.6667
2021-07-30,317.09,325.66,306.16,322.58,311.9813
2021-07-31,322.53,338.44,317.21,332.38,322.9672
2021-08-01,332.29,347.8,328.99,332.59,344.9886
2021-08-02,332.63,338.29,326.17,330.55,336.4006
2021-08-03,330.52,334.73,317.02,323.43,324.4722
2021-08-04,323.47,337.39,319.78,334.77,321.4963
2021-08-05,334.69,340.17,323.37,337.91,334.6412
2021-08-06,337.92,347.14,331.12,342.39,336.5744
2021-08-07,342.37,359.74,340.34,356.18,349.6343
2021-08-08,356.13,359.87,337.0,341.79,345.5658
2021-08-09,341.78,357.7,333.15,354.32,354.9869
2021-08-10,354.21,376.6,348.0,371.92,368.5246
2021-08-11,371.92,408.72,371.09,390.96,387.5063
2021-08-12,390.8,406.18,371.59,385.66,384.957
2021-08-13,385.75,411.46,382.91,410.76,404.193
2021-08-14,410.73,418.8,400.0,408.67,406.5746
2021-08-15,408.67,415.16,395.88,414.05,402.4939
2021-08-16,414.08,437.0,410.79,415.72,427.6589
2021-08-17,415.71,435.77,398.77,401.8,422.4271
2021-08-18,401.81,412.36,385.47,396.15,396.0056
2021-08-19,396.21,431.7,390.89,431.27,403.527
2021-08-20,431.1,458.0,421.84,454.93,429.2474
2021-08-21,454.9,460.0,443.47,448.74,454.9913
2021-08-22,448.74,458.34,437.77,448.68,444.6104
2021-08-23,448.59,509.71,445.89,499.06,497.9894
2021-08-24,499.0,504.2,461.12,471.62,495.9793
2021-08-25,471.63,507.0,470.0,503.19,502.9433
2021-08-26,503.14,518.94,471.2,478.1,480.183
2021-08-27,478.1,495.0,467.1,494.5,479.9976
2021-08-28,494.6,497.0,482.3,486.2,487.2566
2021-08-29,486.2,495.5,475.0,479.7,481.9961
2021-08-30,479.7,480.9,457.0,460.3,477.1447
2021-08-31,460.1,477.8,448.2,463.9,456.2431
2021-09-01,463.7,490.0,455.1,489.4,485.0267
2021-09-02,489.3,504.7,478.0,483.7,481.7905
2021-09-03,483.6,495.0,473.0,488.5,489.7442
2021-09-04,488.4,509.9,485.2,497.7,499.5558
2021-09-05,497.7,505.2,488.4,504.8,498.7
2021-09-06,504.8,509.0,486.9,496.1,497.9583
2021-09-07,496.1,504.8,369.0,418.7,418.1201
2021-09-08,418.7,425.5,382.3,415.0,418.0274
2021-09-09,415.2,436.1,403.4,421.3,417.8236
2021-09-10,421.2,439.4,393.2,401.4,408.0179
2021-09-11,401.4,415.3,399.3,405.1,412.8449
2021-09-12,405.0,421.5,397.4,416.3,414.705
2021-09-13,416.5,419.7,383.0,399.1,390.8
2021-09-14,399.1,414.7,395.7,414.3,402.4449
2021-09-15,414.4,438.0,409.6,431.3,435.2523
2021-09-16,431.2,435.0,415.6,424.3,431.8026
2021-09-17,424.3,426.0,400.4,406.6,421.0034
2021-09-18,406.8,420.0,401.5,410.7,417.7559
2021-09-19,410.8,419.0,402.8,408.6,411.8567
2021-09-20,408.6,410.1,353.7,364.1,370.7021
2021-09-21,364.2,376.0,336.8,344.4,344.5559
2021-09-22,344.4,379.9,342.3,379.0,360.3982
2021-09-23,378.9,384.6,369.0,383.5,382.1443
2021-09-24,383.5,385.3,333.6,355.0,342.6992
2021-09-25,355.1,360.8,343.2,349.6,350.0973
2021-09-26,349.6,353.0,320.0,344.0,348.3799
2021-09-27,344.0,357.6,335.0,335.5,340.95
2021-09-28,335.5,344.6,330.0,333.0,337.2965
2021-09-29,333.0,375.4,331.2,367.7,367.2167
2021-09-30,367.5,388.8,366.4,387.5,375.0454
2021-10-01,387.6,423.4,381.5,421.5,412.9351
2021-10-02,421.4,438.2,410.6,427.1,418.6773
2021-10-03,427.0,437.2,421.5,430.5,429.1562
2021-10-04,430.5,430.9,410.9,426.3,426.3064
2021-10-05,426.3,444.0,424.0,442.1,439.9578
2021-10-06,442.2,442.8,414.7,434.9,438.0454
2021-10-07,435.0,450.0,423.6,438.5,441.4587
2021-10-08,438.3,441.6,415.7,419.2,422.3572
2021-10-09,419.5,426.0,416.0,421.9,424.275
2021-10-10,421.9,422.3,402.0,404.1,418.4457
2021-10-11,404.1,424.0,399.8,413.1,416.4454
2021-10-12,413.0,444.5,392.2,444.2,438.1722
2021-10-13,444.1,471.8,432.3,470.8,458.9642
2021-10-14,470.8,482.8,461.2,472.7,470.0919
2021-10-15,472.7,478.0,450.8,474.5,464.9582
2021-10-16,474.4,484.7,423.0,465.8,455.35
2021-10-17,465.7,472.4,454.2,470.9,466.7576
2021-10-18,471.1,487.6,466.4,484.9,470.0065
2021-10-19,485.0,497.6,480.3,488.1,483.1565
2021-10-20,488.1,505.9,481.3,501.3,485.3459
2021-10-21,501.2,504.9,466.0,470.9,495.4515
2021-10-22,470.9,498.0,470.7,479.3,479.2206
2021-10-23,479.2,485.7,472.6,485.5,480.8552
2021-10-24,485.5,486.5,467.8,475.8,475.0574
2021-10-25,475.7,488.6,474.7,485.1,484.3575
2021-10-26,485.1,489.8,473.5,478.1,484.7591
2021-10-27,478.1,486.4,435.3,448.7,453.0782
2021-10-28,448.7,494.8,446.4,491.9,489.9427
2021-10-29,492.0,533.61,487.6,530.3,499.8653
2021-10-30,530.3,540.5,510.2,528.3,523.7332
2021-10-31,528.5,535.0,508.9,524.6,513.1425
2021-11-01,524.6,551.9,511.0,551.3,534.5612
2021-11-02,551.3,564.0,537.4,554.4,559.8523
2021-11-03,554.3,570.1,537.5,568.4,548.6326
2021-11-04,568.4,568.9,543.6,558.7,557.9598
2021-11-05,558.7,616.9,554.1,607.3,608.7281
2021-11-06,607.2,637.8,595.1,637.7,608.272
2021-11-07,637.7,669.3,630.5,649.6,661.6451
2021-11-08,649.5,655.7,631.0,653.5,635.7431
2021-11-09,653.8,656.7,631.9,635.0,648.5587
2021-11-10,634.9,662.9,573.0,614.1,647.9011
2021-11-11,614.2,635.2,605.7,628.4,632.9724
2021-11-12,628.3,634.5,602.7,626.9,614.1325
2021-11-13,626.9,655.0,619.6,649.5,627.3714
2021-11-14,649.4,661.0,634.5,650.8,646.8517
2021-11-15,650.8,659.5,630.3,633.8,645.6544
2021-11-16,633.8,635.2,573.7,588.7,589.9733
2021-11-17,588.6,592.6,553.7,578.0,575.5273
2021-11-18,578.0,588.2,510.0,531.8,536.9386
2021-11-19,531.6,585.5,523.9,581.0,580.8526
2021-11-20,581.0,604.8,572.6,604.3,580.9278
2021-11-21,604.3,605.2,579.6,584.0,589.1574
2021-11-22,584.4,585.5,553.8,559.3,570.6294
2021-11-23,559.2,605.0,557.9,591.1,565.3166
2021-11-24,591.1,594.3,576.8,590.3,587.8583
2021-11-25,590.4,650.0,587.4,639.1,638.3691
2021-11-26,639.1,657.9,564.2,587.3,591.2354
2021-11-27,587.2,621.3,582.6,599.9,589.3511
2021-11-28,599.8,612.9,571.6,611.3,600.8524
2021-11-29,611.2,629.0,601.6,623.4,624.7276
2021-11-30,623.5,635.0,602.6,622.5,622.5504
2021-12-01,622.7,649.8,618.2,627.5,639.3697
2021-12-02,627.4,630.9,605.5,619.9,621.2431
2021-12-03,620.0,628.0,574.0,595.0,619.6468
2021-12-04,594.9,596.0,489.2,568.6,533.6169
2021-12-05,568.5,582.0,539.9,557.8,572.7366
2021-12-06,557.7,593.0,533.0,587.5,555.3018
2021-12-07,587.5,594.1,572.2,578.7,588.3609
2021-12-08,578.7,607.6,567.0,607.2,594.2372
2021-12-09,607.4,617.0,567.7,570.2,590.0217
2021-12-10,570.1,595.1,550.2,552.4,561.3533
2021-12-11,552.5,572.7,542.0,564.5,560.0197
2021-12-12,564.7,574.8,559.3,570.3,566.8569
2021-12-13,570.2,572.2,511.1,521.0,529.7251
2021-12-14,520.8,535.8,509.7,528.1,522.4755
2021-12-15,528.0,546.7,501.6,541.1,527.5715
2021-12-16,541.2,545.3,524.8,526.2,540.3073
2021-12-17,526.1,535.8,511.0,525.5,526.9446
2021-12-18,525.5,537.8,515.0,533.9,531.0443
2021-12-19,533.9,544.4,527.1,529.8,539.455
2021-12-20,529.7,534.8,505.6,524.0,514.8779
2021-12-21,524.1,535.7,509.8,528.3,529.545
2021-12-22,528.3,545.0,527.2,533.6,533.6449
2021-12-23,533.6,552.6,524.3,549.0,530.0259
2021-12-24,548.9,554.4,537.4,542.1,548.4455
2021-12-25,542.2,550.5,539.1,547.4,545.55
2021-12-26,547.4,549.3,535.6,546.4,540.0
2021-12-27,546.4,572.0,543.1,563.7,569.8693
2021-12-28,563.6,563.7,528.4,534.2,550.3768
2021-12-29,534.2,540.5,510.3,514.5,537.381
2021-12-30,514.4,527.8,508.3,518.5,521.046
2021-12-31,518.6,528.3,506.0,511.4,521.9561
2022-01-01,511.5,527.9,511.4,527.3,518.35
2022-01-02,527.4,533.9,518.0,531.0,523.7547
2022-01-03,531.1,532.8,510.0,511.9,512.1455
2022-01-04,511.9,520.0,502.0,506.9,510.3454
2022-01-05,506.9,516.0,457.0,474.1,512.098
2022-01-06,474.1,481.3,458.8,472.6,470.8455
2022-01-07,472.5,473.9,437.5,448.1,448.0786
2022-01-08,448.0,459.7,415.0,429.9,423.6336
2022-01-09,429.8,444.5,427.0,438.7,434.5545
2022-01-10,438.7,445.5,405.6,424.7,416.0529
2022-01-11,424.7,467.7,421.3,463.6,451.0296
2022-01-12,463.5,489.9,456.6,487.8,458.5151
2022-01-13,487.8,489.8,466.5,475.2,480.3568
2022-01-14,475.1,492.3,467.6,490.0,479.9555
2022-01-15,489.9,500.9,485.0,494.5,491.6
2022-01-16,494.4,506.0,488.6,498.6,499.2552
2022-01-17,498.5,499.1,466.9,475.2,472.7235
2022-01-18,475.2,479.6,457.2,471.4,473.9978
2022-01-19,471.5,473.1,453.7,461.9,463.655
2022-01-20,462.0,478.7,438.2,440.2,472.3171
2022-01-21,440.0,444.6,373.7,383.9,425.4492
2022-01-22,383.8,389.6,336.3,358.3,360.1486
2022-01-23,358.4,389.0,356.3,383.9,386.3765
2022-01-24,383.9,383.9,336.0,371.3,345.3668
2022-01-25,371.2,389.5,357.4,385.1,373.4788
2022-01-26,385.3,402.4,366.4,375.1,379.1163
2022-01-27,375.0,393.8,360.0,389.9,366.0151
2022-01-28,389.9,395.9,375.8,385.9,385.0549
2022-01-29,385.9,397.3,380.7,389.3,390.0562
2022-01-30,389.2,389.6,372.2,377.2,380.5021
2022-01-31,377.2,385.4,365.2,374.3,370.0548
2022-02-01,374.3,388.4,373.7,384.2,384.5021
2022-02-02,384.2,386.1,366.1,366.9,369.9451
2022-02-03,367.0,372.4,359.6,372.3,366.65
2022-02-04,372.2,399.7,369.5,399.5,390.1708
2022-02-05,399.5,431.0,396.3,413.7,420.0504
2022-02-06,413.7,422.5,407.0,419.9,413.95
2022-02-07,420.0,439.0,413.3,433.5,435.9999
2022-02-08,433.5,445.4,406.2,407.8,419.982
2022-02-09,407.8,427.7,407.1,422.9,422.956
2022-02-10,422.8,434.9,410.0,414.7,425.6567
2022-02-11,414.5,418.9,390.5,400.0,415.5974
2022-02-12,399.7,407.1,393.3,403.6,400.3548
2022-02-13,403.6,407.8,394.7,397.9,404.0
2022-02-14,397.9,404.5,390.6,403.4,401.047
2022-02-15,403.4,443.0,402.7,432.4,428.7792
2022-02-16,432.3,433.5,422.2,427.3,431.2
2022-02-17,427.4,431.1,400.0,402.4,423.1822
2022-02-18,402.3,411.0,392.2,399.2,402.7983
2022-02-19,399.1,406.4,393.0,399.8,403.6
2022-02-20,399.7,400.0,375.0,380.6,379.302
2022-02-21,380.6,393.7,355.0,356.6,369.1243
2022-02-22,356.8,375.4,348.7,374.3,364.9019
2022-02-23,374.3,384.2,365.3,365.6,380.0018
2022-02-24,365.4,371.3,323.5,361.2,340.0866
2022-02-25,361.2,377.2,356.8,375.0,360.6017
2022-02-26,375.2,386.1,370.5,373.7,374.7465
2022-02-27,373.7,381.2,358.1,360.1,371.9464
2022-02-28,360.0,397.2,355.8,395.6,361.9904
2022-03-01,395.6,424.9,390.4,408.7,418.7333
2022-03-02,408.7,415.7,403.8,409.3,410.2
2022-03-03,409.3,413.2,397.4,402.6,404.1553
2022-03-04,402.5,403.5,372.0,374.2,394.1011
2022-03-05,374.1,387.3,367.2,384.7,379.8007
2022-03-06,384.8,387.3,371.6,375.0,382.0461
2022-03-07,374.9,385.9,362.8,380.6,374.0975
2022-03-08,380.4,388.7,375.3,381.4,384.55
2022-03-09,381.4,402.7,381.0,393.2,394.0047
2022-03-10,393.2,394.5,363.0,372.0,377.1
2022-03-11,372.0,380.0,364.7,371.9,372.5008
2022-03-12,371.8,379.2,371.1,372.4,376.7
2022-03-13,372.4,377.2,360.1,361.4,372.0008
2022-03-14,361.3,373.9,359.5,373.4,367.3469
2022-03-15,373.3,374.7,361.7,371.7,371.05
2022-03-16,371.6,386.6,367.8,385.4,379.9552
2022-03-17,385.4,393.5,381.7,391.8,385.95
2022-03-18,391.9,400.0,384.0,397.2,386.9551
2022-03-19,397.2,406.4,394.9,399.9,400.55
2022-03-20,399.8,400.8,386.2,390.8,393.5
2022-03-21,390.8,399.5,384.8,396.0,386.7432
2022-03-22,395.9,410.0,394.8,404.3,405.4466
2022-03-23,404.2,411.7,397.9,408.4,402.3981
2022-03-24,408.3,416.6,405.0,414.2,414.2
2022-03-25,414.1,421.5,405.5,410.3,413.3561
2022-03-26,410.3,416.4,407.5,415.8,412.05
2022-03-27,415.8,431.6,411.7,430.5,417.05
2022-03-28,430.6,441.0,427.6,430.2,430.5
2022-03-29,430.2,441.6,429.4,434.2,432.3
2022-03-30,434.2,449.3,425.5,442.1,446.5569
2022-03-31,442.1,452.3,423.9,428.9,444.9955
2022-04-01,428.9,448.2,412.8,447.7,444.9836
2022-04-02,447.6,454.2,435.7,437.2,449.0459
2022-04-03,437.2,455.7,432.2,450.4,447.9466
2022-04-04,450.4,450.5,433.4,447.6,446.0542
2022-04-05,447.7,460.0,444.1,444.7,452.5966
2022-04-06,444.7,448.6,418.3,420.1,423.5983
2022-04-07,420.0,450.0,416.2,436.0,442.475
2022-04-08,436.0,442.0,418.4,421.5,430.6981
2022-04-09,421.4,428.2,419.6,426.6,422.4
2022-04-10,426.8,429.5,417.0,418.1,426.8
2022-04-11,418.0,419.7,391.2,394.6,414.8984
2022-04-12,394.5,417.1,392.4,413.6,407.4545
2022-04-13,413.7,424.6,410.3,423.4,420.55
2022-04-14,423.6,426.9,411.3,414.7,420.799
2022-04-15,414.6,420.0,412.5,417.3,416.1
2022-04-16,417.2,419.0,411.6,417.3,415.3
2022-04-17,417.3,418.2,405.5,406.6,415.275
2022-04-18,406.6,418.0,396.2,416.8,411.256
2022-04-19,416.8,424.7,414.6,422.3,419.3
2022-04-20,422.3,431.4,414.9,418.4,420.5985
2022-04-21,418.4,426.0,401.2,404.9,423.7978
2022-04-22,404.9,413.9,403.3,406.6,412.45
2022-04-23,406.6,408.1,397.3,401.1,405.7
2022-04-24,401.1,405.5,397.1,398.8,402.3
2022-04-25,398.8,405.7,382.3,404.3,393.0011
2022-04-26,404.3,407.5,380.8,385.9,403.4041
2022-04-27,385.9,394.8,383.3,391.3,390.0
2022-04-28,391.3,408.6,388.5,407.1,403.4555
2022-04-29,407.2,410.7,389.7,393.0,394.7017
2022-04-30,393.0,399.9,376.3,377.1,380.0384
2022-05-01,377.1,391.4,375.5,389.9,384.375
2022-05-02,389.9,392.6,382.1,389.5,388.0
2022-05-03,389.5,392.3,379.8,383.9,389.8
2022-05-04,383.8,403.1,382.7,402.6,390.4463
2022-05-05,402.6,413.6,370.7,378.4,404.015
2022-05-06,378.4,383.3,370.6,379.1,379.55
2022-05-07,379.1,380.6,360.1,365.5,376.6536
2022-05-08,365.5,367.0,349.5,355.9,355.6012
2022-05-09,355.9,359.3,295.4,296.1,302.4542
2022-05-10,296.1,332.8,289.0,319.1,309.1768
2022-05-11,319.0,323.0,260.8,271.5,299.524
2022-05-12,271.7,285.0,218.8,269.0,253.9666
2022-05-13,269.0,313.5,265.4,290.6,299.7299
2022-05-14,290.6,299.5,272.1,296.9,296.0202
2022-05-15,297.0,312.6,285.7,312.4,298.0971
2022-05-16,312.4,312.4,290.3,297.2,297.9009
2022-05-17,297.3,310.7,295.8,306.2,307.425
2022-05-18,306.1,308.6,286.8,287.7,304.7004
2022-05-19,287.7,308.9,286.8,307.1,298.2552
2022-05-20,307.1,316.1,294.1,302.2,298.5553
2022-05-21,302.3,314.2,299.3,312.4,312.1991
2022-05-22,312.4,323.7,311.5,319.4,318.2
2022-05-23,319.3,337.0,315.3,317.2,329.646
2022-05-24,317.1,330.4,312.1,328.3,322.5992
2022-05-25,328.2,337.9,324.0,325.7,332.3
2022-05-26,325.7,331.8,296.7,303.0,310.8852
2022-05-27,303.0,309.8,290.6,301.6,298.6542
2022-05-28,301.6,310.5,296.9,307.5,302.0
2022-05-29,307.5,308.2,298.6,305.8,302.5
2022-05-30,305.8,324.0,303.9,321.8,316.7536
2022-05-31,321.8,324.8,313.5,320.9,320.0
2022-06-01,320.9,324.5,297.6,300.4,318.4116
2022-06-02,300.4,309.2,298.2,308.3,304.15
2022-06-03,308.3,310.3,293.3,298.6,297.15
2022-06-04,298.6,302.9,294.8,301.3,300.3
2022-06-05,301.3,302.5,295.0,299.1,296.9
2022-06-06,299.0,312.3,288.0,295.1,300.2535
2022-06-07,295.0,295.9,273.5,290.3,283.3548
2022-06-08,290.2,294.6,283.9,288.5,288.8
2022-06-09,288.4,293.4,286.3,289.9,288.55
2022-06-10,289.8,298.9,283.2,286.4,289.3989
2022-06-11,286.3,290.6,265.2,269.9,267.4448
2022-06-12,269.8,272.0,251.1,254.8,257.6538
2022-06-13,254.7,257.8,213.2,223.0,224.2148
2022-06-14,223.0,231.4,204.1,223.0,225.3182
2022-06-15,223.0,234.7,198.4,233.6,207.6801
2022-06-16,233.5,237.2,207.7,210.2,216.1095
2022-06-17,210.3,222.1,207.7,215.8,214.9
2022-06-18,215.8,219.0,183.4,197.0,201.7012
2022-06-19,197.0,217.0,189.7,215.1,208.0014
2022-06-20,215.0,219.8,204.8,216.5,213.85
2022-06-21,216.5,228.4,213.1,220.1,223.8
2022-06-22,220.2,221.0,211.2,214.4,214.0
2022-06-23,214.3,231.7,214.0,228.9,226.975
2022-06-24,228.8,243.3,228.3,240.2,237.4
2022-06-25,240.3,242.1,229.7,239.7,234.7
2022-06-26,239.7,245.2,233.2,233.9,239.0
2022-06-27,234.0,241.0,230.0,233.8,234.0
2022-06-28,233.7,242.8,225.9,226.9,240.001
2022-06-29,226.9,229.8,215.4,219.7,227.625
2022-06-30,219.7,220.3,205.4,219.6,212.9006
2022-07-01,219.7,226.8,213.5,216.9,218.4994
2022-07-02,216.8,219.7,213.8,218.3,216.2
2022-07-03,218.3,220.1,213.9,219.2,219.0
2022-07-04,219.2,232.2,214.8,231.5,217.15
2022-07-05,231.5,236.6,222.9,230.8,234.475
2022-07-06,230.8,240.0,229.0,238.6,237.2
2022-07-07,238.5,243.8,230.0,241.4,237.925
2022-07-08,241.5,247.7,237.0,240.7,242.0
2022-07-09,240.6,245.0,240.4,243.3,242.2
2022-07-10,243.3,243.5,231.7,234.7,236.475
2022-07-11,234.7,235.0,225.1,225.6,231.0
2022-07-12,225.6,228.3,220.2,220.6,225.0
2022-07-13,220.5,231.3,216.4,230.5,226.4
2022-07-14,230.5,240.0,227.1,238.5,232.3
2022-07-15,238.6,242.7,235.4,238.5,238.5
2022-07-16,238.5,251.5,233.9,249.8,237.4997
2022-07-17,249.8,256.1,246.4,247.8,253.075
2022-07-18,247.8,265.6,247.6,264.1,260.9546
2022-07-19,264.1,274.8,255.8,268.6,260.7006
2022-07-20,268.6,272.0,256.4,258.2,266.9543
2022-07-21,258.2,266.0,250.7,265.6,257.1006
2022-07-22,265.5,271.4,261.1,262.4,268.8
2022-07-23,262.5,272.6,252.7,259.2,256.6
2022-07-24,259.1,266.2,257.1,261.4,262.9
2022-07-25,261.4,262.7,243.8,244.6,255.0005
2022-07-26,244.6,249.6,239.6,249.4,242.9
2022-07-27,249.5,272.0,247.5,271.6,267.6542
2022-07-28,271.6,280.8,263.6,277.2,267.6006
2022-07-29,277.2,302.0,274.8,293.6,297.0541
2022-07-30,293.6,300.2,285.1,287.8,296.175
2022-07-31,287.8,297.1,282.1,283.4,292.2469
2022-08-01,283.4,290.5,277.9,283.2,287.0
2022-08-02,283.2,291.1,274.2,283.8,276.775
2022-08-03,283.7,305.7,278.2,297.5,288.401
2022-08-04,297.5,313.4,297.2,311.8,300.0475
2022-08-05,311.8,321.5,308.1,315.9,313.0991
2022-08-06,315.9,322.9,312.6,315.2,317.4
2022-08-07,315.3,325.9,308.2,322.8,322.8529
2022-08-08,322.7,334.0,320.8,324.9,327.4475
2022-08-09,324.9,328.3,312.4,324.4,323.9994
2022-08-10,324.4,336.8,313.6,328.8,329.7957
2022-08-11,328.8,334.7,322.0,323.6,332.1
2022-08-12,323.7,328.1,317.7,327.9,325.0
2022-08-13,328.0,333.0,322.8,324.3,330.2
2022-08-14,324.2,331.0,315.8,317.6,325.2989
2022-08-15,317.7,327.4,313.6,319.5,316.7993
2022-08-16,319.3,322.4,312.0,316.1,317.0
2022-08-17,316.0,324.0,304.2,306.9,307.6006
2022-08-18,306.8,311.0,295.8,298.1,306.5479
2022-08-19,298.1,298.2,276.2,279.1,282.3551
2022-08-20,279.0,289.4,277.0,283.7,287.05
2022-08-21,283.8,304.2,283.4,301.9,297.1532
2022-08-22,301.9,304.9,288.8,300.0,297.2009
2022-08-23,300.0,301.7,293.8,299.3,298.7
2022-08-24,299.3,300.5,294.3,296.4,296.1
2022-08-25,296.4,307.5,296.0,301.2,301.975
2022-08-26,301.2,302.3,277.2,279.6,296.3006
2022-08-27,279.5,284.8,273.3,277.9,278.35
2022-08-28,277.8,284.1,275.6,276.5,278.8
2022-08-29,276.5,286.7,272.3,285.9,280.8
2022-08-30,285.9,292.0,276.1,281.6,281.6469
2022-08-31,281.7,290.0,277.7,279.2,286.5
2022-09-01,279.2,280.3,270.7,278.3,275.35
2022-09-02,278.3,283.4,273.7,277.5,277.5
2022-09-03,277.5,278.8,274.2,277.8,277.0
2022-09-04,277.8,280.6,275.0,279.1,277.6
2022-09-05,279.0,282.0,273.4,276.9,275.3
2022-09-06,276.9,286.3,261.0,262.5,280.4531
2022-09-07,262.4,280.4,258.6,278.9,263.3002
2022-09-08,279.0,282.9,275.4,280.5,279.5
2022-09-09,280.5,295.9,280.0,293.4,290.6463
2022-09-10,293.4,298.6,290.3,296.7,296.425
2022-09-11,296.6,298.1,289.7,295.3,295.0
2022-09-12,295.3,300.0,290.8,294.1,293.5
2022-09-13,293.9,298.6,275.4,277.4,283.3534
2022-09-14,277.4,282.8,273.3,279.3,279.0
2022-09-15,279.3,280.5,266.3,271.1,268.9458
2022-09-16,271.1,276.6,268.5,274.9,273.5
2022-09-17,274.8,279.9,274.7,279.1,277.0
2022-09-18,279.1,280.3,263.1,266.2,277.5
2022-09-19,266.3,273.0,256.7,271.9,262.399
2022-09-20,272.0,273.7,265.2,266.3,269.7
2022-09-21,266.2,276.4,260.3,264.0,267.3002
2022-09-22,264.0,276.7,263.5,275.3,268.5
2022-09-23,275.3,277.9,268.3,276.7,273.8
2022-09-24,276.7,285.0,274.2,274.4,280.8
2022-09-25,274.4,280.0,270.9,274.3,275.5
2022-09-26,274.2,276.9,270.8,276.1,274.4
2022-09-27,276.1,286.6,269.2,272.3,285.1994
2022-09-28,272.3,283.7,266.3,281.6,279.4008
2022-09-29,281.6,285.6,277.1,284.1,282.8
2022-09-30,284.2,289.8,280.5,284.8,283.8
2022-10-01,284.8,285.4,277.7,282.9,282.8
2022-10-02,282.9,287.9,279.4,284.7,282.2
2022-10-03,284.6,289.1,283.1,286.9,285.1
2022-10-04,287.0,298.2,286.3,296.2,291.0
2022-10-05,296.2,296.4,289.2,294.2,291.95
2022-10-06,294.1,298.1,278.6,287.0,289.8444
2022-10-07,287.0,287.0,279.1,282.3,284.5
2022-10-08,282.3,282.7,275.4,276.4,280.8
2022-10-09,276.4,279.4,275.1,278.2,277.9
2022-10-10,278.2,279.2,271.3,271.5,274.9
2022-10-11,271.5,274.0,267.2,271.4,270.7
2022-10-12,271.4,272.9,269.2,270.9,271.8
2022-10-13,270.8,273.7,256.8,271.6,262.3016
2022-10-14,271.5,276.8,267.6,269.4,275.0
2022-10-15,269.5,271.4,267.4,268.2,270.375
2022-10-16,268.1,273.9,267.9,272.5,269.9
2022-10-17,272.4,275.9,269.8,275.6,275.0
2022-10-18,275.7,276.0,270.1,273.1,274.2
2022-10-19,273.2,273.9,270.3,272.0,273.0
2022-10-20,271.9,273.4,267.3,269.0,271.7
2022-10-21,269.0,271.2,263.4,270.1,266.9
2022-10-22,270.1,271.1,268.4,270.4,269.9
2022-10-23,270.5,276.8,268.7,276.0,273.4
2022-10-24,276.0,277.4,271.6,274.1,273.4
2022-10-25,274.1,289.9,272.0,284.2,286.1541
2022-10-26,284.2,292.0,284.1,290.2,289.1
2022-10-27,290.3,293.3,284.7,286.7,288.15
2022-10-28,286.7,301.1,285.7,297.9,286.6994
2022-10-29,297.9,308.4,295.6,304.4,302.825
2022-10-30,304.4,318.8,302.3,313.5,312.3968
2022-10-31,313.5,337.9,306.5,325.7,327.7895
2022-11-01,325.7,334.6,317.4,323.9,321.8967
2022-11-02,323.9,330.0,315.3,320.2,320.15
2022-11-03,320.2,338.7,318.0,329.5,329.5547
2022-11-04,329.5,358.9,328.3,354.6,344.8203
2022-11-05,354.7,361.3,346.1,349.2,350.25
2022-11-06,349.2,356.0,337.7,337.9,350.5464
2022-11-07,337.9,344.4,326.4,337.0,330.9
2022-11-08,337.1,398.3,298.0,327.4,316.3314
2022-11-09,327.2,333.1,260.2,267.3,318.4431
2022-11-10,267.2,313.0,263.2,304.0,282.6849
2022-11-11,304.1,306.0,279.0,290.4,286.7155
2022-11-12,290.3,294.5,271.6,282.8,287.6979
2022-11-13,282.8,286.5,273.2,276.4,278.5444
2022-11-14,276.5,292.0,268.0,279.0,278.6569
2022-11-15,279.1,282.4,273.2,277.0,279.65
2022-11-16,277.0,280.2,268.8,271.8,273.875
2022-11-17,271.8,273.5,262.9,267.9,268.5
2022-11-18,268.1,274.8,267.7,274.1,273.05
2022-11-19,274.0,274.6,268.9,272.6,271.55
2022-11-20,272.5,273.8,261.8,264.2,273.2
2022-11-21,264.1,265.3,250.0,253.9,261.3
2022-11-22,254.0,267.8,252.0,266.7,263.8458
2022-11-23,266.7,301.8,264.8,298.8,296.7143
2022-11-24,298.8,304.1,293.9,300.2,298.5
2022-11-25,300.2,306.6,294.1,300.8,299.175
2022-11-26,300.7,317.8,299.9,311.4,314.35
2022-11-27,311.4,316.7,306.3,307.6,312.8
2022-11-28,307.6,309.6,286.6,293.5,300.855
2022-11-29,293.5,305.3,289.0,295.4,296.425
2022-11-30,295.4,305.5,292.5,300.6,299.975
2022-12-01,300.4,302.0,290.0,292.3,299.25
2022-12-02,292.2,293.9,285.4,293.4,290.35
2022-12-03,293.4,294.4,289.0,290.4,291.7
2022-12-04,290.4,292.8,287.4,291.8,289.8
2022-12-05,291.8,297.2,286.1,288.4,296.8
2022-12-06,288.5,290.8,286.5,290.2,289.0
2022-12-07,290.2,290.9,281.1,284.2,283.4
2022-12-08,284.1,292.0,282.4,290.4,289.6
2022-12-09,290.4,292.0,284.4,286.0,287.85
2022-12-10,286.1,289.9,285.7,288.2,288.3
2022-12-11,288.2,291.4,283.3,284.4,289.85
2022-12-12,284.5,285.8,271.7,276.1,276.8009
2022-12-13,276.1,282.0,255.6,272.2,266.5147
2022-12-14,272.2,278.4,265.5,267.7,272.6
2022-12-15,267.7,268.1,256.5,258.8,265.1
2022-12-16,258.9,264.7,224.7,231.2,242.8106
2022-12-17,231.2,245.0,220.0,242.1,229.4991
2022-12-18,242.1,254.6,239.5,251.0,247.0
2022-12-19,251.1,253.3,236.8,240.4,247.6004
2022-12-20,240.3,253.5,239.1,251.4,248.0996
2022-12-21,251.4,251.5,245.2,246.2,248.95
2022-12-22,246.2,248.3,240.1,245.8,245.7
2022-12-23,245.9,248.7,243.7,246.2,246.1
2022-12-24,246.2,246.3,243.4,244.5,244.25
2022-12-25,244.5,245.8,241.4,243.2,243.2
2022-12-26,243.2,244.9,242.0,244.3,242.9
2022-12-27,244.3,248.9,242.1,246.7,243.6
2022-12-28,246.6,247.4,241.5,244.5,243.5
2022-12-29,244.6,246.9,243.3,246.3,246.0
2022-12-30,246.3,246.7,242.7,245.8,245.4
2022-12-31,245.8,248.0,244.8,246.3,245.7
2023-01-01,246.3,246.7,243.4,244.4,244.0
2023-01-02,244.4,247.9,240.7,245.2,247.1
2023-01-03,245.2,247.0,244.4,246.1,245.5
2023-01-04,246.2,261.0,245.6,258.9,249.075
2023-01-05,258.8,259.2,255.2,256.7,256.7
2023-01-06,256.7,260.7,254.2,259.9,257.6
2023-01-07,259.9,263.9,259.4,261.3,261.0
2023-01-08,261.3,276.5,260.1,274.9,261.0999
2023-01-09,274.9,283.5,271.3,272.6,279.3
2023-01-10,272.5,278.8,270.2,277.1,275.0
2023-01-11,277.2,287.7,274.1,284.8,277.1
2023-01-12,284.9,288.6,278.5,287.7,286.85
2023-01-13,287.8,296.0,284.9,293.7,287.3
2023-01-14,293.7,314.4,293.1,305.1,299.9622
2023-01-15,305.2,306.1,291.8,302.2,299.2013
2023-01-16,302.2,308.1,293.1,299.0,296.4595
2023-01-17,299.1,305.8,294.9,299.4,298.75
2023-01-18,299.4,305.3,281.1,286.7,292.5027
2023-01-19,286.7,295.5,286.1,294.6,288.7
2023-01-20,294.6,305.4,286.6,305.1,288.4994
2023-01-21,305.1,309.9,298.4,299.0,303.8
2023-01-22,299.0,311.4,298.5,303.0,301.5
2023-01-23,303.0,307.8,300.8,305.1,305.65
2023-01-24,305.2,323.5,299.2,300.3,314.099
2023-01-25,300.3,314.0,293.4,306.9,298.0003
2023-01-26,306.8,309.5,301.6,304.7,308.4
2023-01-27,304.9,310.5,298.8,308.0,305.05
2023-01-28,308.0,313.6,303.6,306.1,307.7
2023-01-29,306.2,320.5,304.8,317.2,314.65
2023-01-30,317.2,320.8,302.0,307.2,306.25
2023-01-31,307.2,314.4,305.3,312.0,313.65
2023-02-01,312.1,319.4,305.6,317.0,307.7
2023-02-02,317.1,334.4,316.3,323.5,329.8471
2023-02-03,323.7,335.5,318.3,332.2,331.7453
2023-02-04,332.3,334.1,327.0,330.4,331.25
2023-02-05,330.4,337.8,324.0,327.8,326.4984
2023-02-06,327.8,331.5,320.7,324.3,327.325
2023-02-07,324.3,333.7,323.2,333.0,328.7
2023-02-08,333.0,335.8,323.6,328.2,331.85
2023-02-09,328.1,329.3,302.0,306.2,320.7545
2023-02-10,306.2,309.2,302.5,305.8,307.05
2023-02-11,305.8,311.4,305.1,310.4,308.1
2023-02-12,310.4,321.0,306.0,312.6,319.6006
2023-02-13,312.4,315.7,282.8,294.3,289.9991
2023-02-14,294.2,301.7,289.8,296.2,298.0
2023-02-15,296.1,317.7,294.0,317.4,302.5
2023-02-16,317.4,327.8,303.9,304.4,311.9013
2023-02-17,304.4,317.5,302.8,313.0,309.1
2023-02-18,312.9,319.2,312.9,316.5,316.45
2023-02-19,316.5,318.9,310.3,311.5,316.1
2023-02-20,311.5,319.8,308.0,315.4,315.8
2023-02-21,315.5,317.4,309.3,311.5,315.65
2023-02-22,311.6,312.9,303.2,312.4,307.4
2023-02-23,312.5,315.3,305.8,308.3,307.75
2023-02-24,308.3,312.1,298.6,302.3,300.95
2023-02-25,302.2,303.0,295.5,302.4,301.0
2023-02-26,302.5,309.8,300.7,308.7,303.3
2023-02-27,308.6,309.4,300.5,304.6,304.9
2023-02-28,304.7,305.7,300.0,301.4,303.55
2023-03-01,301.4,306.4,300.5,302.7,302.7
2023-03-02,302.6,303.8,295.8,299.8,300.0
2023-03-03,299.8,300.0,286.6,290.4,290.1531
2023-03-04,290.4,291.5,285.8,289.6,290.2
2023-03-05,289.5,292.8,287.4,288.7,291.1
2023-03-06,288.7,289.7,283.3,287.8,286.8
2023-03-07,287.8,290.5,283.4,289.3,287.3
2023-03-08,289.3,294.3,285.1,287.1,287.2
2023-03-09,287.0,291.4,271.2,277.1,289.6997
2023-03-10,277.1,278.1,265.0,277.4,274.325
2023-03-11,277.5,281.8,270.5,276.0,273.65
2023-03-12,276.0,288.8,273.2,288.1,275.5
2023-03-13,288.0,314.1,286.1,307.9,307.7091
2023-03-14,308.0,319.5,302.0,308.4,308.0459
2023-03-15,308.5,312.7,300.0,306.3,304.05
2023-03-16,306.3,332.8,302.8,329.4,324.6599
2023-03-17,329.4,340.0,325.0,338.9,330.4978
2023-03-18,339.0,346.3,328.0,331.0,344.6016
2023-03-19,331.0,341.7,330.3,336.7,337.35
2023-03-20,336.6,339.1,331.3,332.5,334.5
2023-03-21,332.5,339.9,327.1,334.4,335.0
2023-03-22,334.5,339.5,316.0,321.1,326.3441
2023-03-23,321.2,332.1,318.9,329.4,330.525
2023-03-24,329.4,330.0,316.9,322.1,320.3
2023-03-25,322.0,324.9,319.0,322.4,323.9
2023-03-26,322.3,329.5,321.7,328.6,326.6
2023-03-27,328.5,329.8,305.9,310.6,315.4879
2023-03-28,310.6,315.8,306.8,313.2,310.4
2023-03-29,313.4,319.9,312.4,313.7,316.25
2023-03-30,313.7,320.8,309.1,316.4,315.575
2023-03-31,316.4,319.8,311.8,316.9,317.0
2023-04-01,316.9,319.0,313.0,314.9,314.8
2023-04-02,314.9,316.2,310.7,313.7,313.525
2023-04-03,313.8,314.1,299.5,308.8,305.275
2023-04-04,308.7,312.7,308.2,310.8,311.0
2023-04-05,310.8,316.8,310.2,313.9,314.9
2023-04-06,314.0,315.2,310.6,312.3,312.7
2023-04-07,312.2,312.8,309.7,310.3,310.7
2023-04-08,310.4,312.7,310.1,310.5,312.2
2023-04-09,310.6,313.7,309.5,312.8,310.2
2023-04-10,312.8,318.7,311.5,318.5,312.9
2023-04-11,318.6,333.0,317.8,322.3,329.6016
2023-04-12,322.3,323.3,316.7,319.9,318.7
2023-04-13,319.8,325.1,317.7,324.7,324.0
2023-04-14,324.7,335.5,323.2,328.9,333.775
2023-04-15,328.9,336.0,326.9,333.0,334.775
2023-04-16,332.8,350.0,330.1,347.7,348.6553
2023-04-17,347.7,350.0,337.5,340.0,341.75
2023-04-18,340.0,346.7,337.0,343.1,343.9
2023-04-19,343.1,343.7,320.1,322.4,326.5013
2023-04-20,322.4,326.8,315.3,318.1,325.3
2023-04-21,318.0,334.6,315.3,321.2,327.5011
2023-04-22,321.2,333.1,319.9,332.2,330.65
2023-04-23,332.1,332.5,327.4,330.7,330.6
2023-04-24,330.6,334.0,327.7,331.2,331.5
2023-04-25,331.2,340.0,328.6,338.4,330.65
2023-04-26,338.4,345.0,321.5,330.6,338.7469
2023-04-27,330.6,336.6,328.2,330.9,331.0
2023-04-28,330.8,330.9,318.7,324.1,321.45
2023-04-29,324.0,325.0,320.6,321.9,322.1
2023-04-30,321.8,338.3,320.4,337.5,335.45
2023-05-01,337.6,339.6,326.1,328.5,334.85
2023-05-02,328.5,328.5,321.4,321.5,324.65
2023-05-03,321.5,327.6,320.4,325.9,323.3
2023-05-04,325.9,327.5,323.2,323.8,326.0
2023-05-05,323.8,329.1,322.8,326.5,327.25
2023-05-06,326.6,328.5,319.5,321.9,323.15
2023-05-07,322.0,325.4,320.4,321.0,323.5
2023-05-08,320.8,322.1,311.1,313.8,315.925
2023-05-09,313.8,315.8,311.2,312.1,314.2
2023-05-10,312.2,316.7,308.0,314.3,314.3
2023-05-11,314.3,314.5,304.4,307.5,308.35
2023-05-12,307.5,309.1,301.2,308.5,303.75
2023-05-13,308.5,311.8,307.5,310.7,309.8
2023-05-14,310.7,314.8,309.5,312.1,312.9
2023-05-15,312.0,316.3,310.5,313.4,315.2
2023-05-16,313.4,314.0,309.3,311.4,312.2
2023-05-17,311.3,314.4,307.0,314.3,312.1
2023-05-18,314.3,314.9,306.1,309.3,312.8
2023-05-19,309.3,311.5,307.5,308.9,309.0
2023-05-20,309.0,312.0,307.8,310.6,310.0
2023-05-21,310.7,311.6,305.7,306.4,310.3
2023-05-22,306.4,311.1,304.4,309.0,310.475
2023-05-23,309.1,315.4,309.0,313.5,313.5
2023-05-24,313.4,313.6,303.6,306.0,308.4
2023-05-25,306.0,306.9,302.2,304.5,304.35
2023-05-26,304.6,308.5,301.4,306.8,306.2
2023-05-27,306.8,307.7,304.0,307.4,307.2
2023-05-28,307.5,314.6,306.7,314.1,308.05
2023-05-29,314.2,317.3,310.4,311.6,315.375
2023-05-30,311.7,314.2,310.8,311.5,312.7
2023-05-31,311.4,311.9,305.0,306.8,306.8
2023-06-01,306.7,307.7,303.1,304.9,304.7
2023-06-02,304.9,308.4,303.1,307.2,307.7
2023-06-03,307.3,308.2,303.0,306.6,306.2
2023-06-04,306.6,307.6,304.5,305.0,306.0
2023-06-05,305.0,305.1,272.0,276.9,300.3082
2023-06-06,276.9,285.8,273.2,281.2,276.9
2023-06-07,281.2,281.8,253.4,259.3,258.2019
2023-06-08,259.3,267.5,257.1,262.0,264.65
2023-06-09,262.0,264.4,255.7,260.5,260.3
2023-06-10,260.6,260.7,228.4,238.7,237.8877
2023-06-11,238.8,239.3,233.4,235.4,235.0
2023-06-12,235.3,239.3,220.4,231.3,224.9985
2023-06-13,231.3,247.0,228.7,244.2,243.442
2023-06-14,244.1,252.8,232.9,237.9,248.9005
2023-06-15,238.0,240.8,230.6,236.4,236.5
2023-06-16,236.5,243.8,232.2,239.3,238.0
2023-06-17,239.4,249.8,237.2,244.5,245.3
2023-06-18,244.5,248.7,242.3,244.1,247.1
2023-06-19,244.1,245.0,238.3,243.1,243.1
2023-06-20,243.1,248.1,238.7,247.7,243.9
2023-06-21,247.8,254.7,245.0,248.8,249.95
2023-06-22,248.9,257.0,239.4,240.8,251.25
2023-06-23,240.8,249.8,239.7,244.3,243.7
2023-06-24,244.4,248.7,230.4,236.4,242.2989
2023-06-25,236.4,244.0,235.0,238.8,239.2
2023-06-26,238.9,241.3,233.6,236.1,237.9
2023-06-27,236.1,240.8,234.5,237.5,239.0
2023-06-28,237.5,237.6,224.6,230.6,235.0
2023-06-29,230.5,236.7,230.4,233.1,233.3
2023-06-30,233.1,241.7,230.7,240.3,240.05
2023-07-01,240.3,249.0,240.0,247.9,247.1
2023-07-02,247.9,248.5,242.9,246.5,245.4
2023-07-03,246.5,254.7,245.3,246.5,248.2
2023-07-04,246.5,246.9,240.4,242.5,245.7
2023-07-05,242.5,243.9,235.8,238.9,238.5
2023-07-06,239.0,244.5,231.5,232.2,238.0
2023-07-07,232.2,236.2,231.1,235.6,233.5
2023-07-08,235.7,237.6,234.2,236.3,236.6
2023-07-09,236.3,237.0,232.9,234.1,234.8
2023-07-10,234.1,247.0,231.3,246.2,245.0468
2023-07-11,246.2,249.5,244.6,248.6,247.2
2023-07-12,248.6,250.5,242.6,243.9,249.6
2023-07-13,243.9,257.8,242.7,256.1,246.3005
2023-07-14,256.1,261.7,243.4,248.1,254.5553
2023-07-15,248.0,252.5,246.9,251.1,248.3
2023-07-16,251.1,252.1,242.0,242.3,249.0
2023-07-17,242.3,244.9,239.8,244.1,242.7
2023-07-18,244.1,246.7,237.5,240.2,240.95
2023-07-19,240.3,244.1,239.6,240.8,242.0
2023-07-20,240.9,245.0,240.3,242.8,241.6
2023-07-21,242.8,245.4,242.0,243.7,243.4
2023-07-22,243.8,244.9,240.1,241.1,242.5
2023-07-23,241.1,244.0,240.4,242.5,242.4
2023-07-24,242.4,243.1,235.0,238.9,238.15
2023-07-25,238.9,239.8,236.2,237.7,237.9
2023-07-26,237.7,240.4,236.3,239.0,237.6
2023-07-27,239.0,244.5,238.4,240.6,242.1
2023-07-28,240.7,242.9,239.7,241.9,241.8
2023-07-29,241.9,242.9,241.1,242.4,242.0
2023-07-30,242.4,243.8,240.3,242.5,242.4
2023-07-31,242.6,244.5,240.5,241.0,243.8
2023-08-01,241.0,247.8,237.3,247.7,245.3
2023-08-02,247.8,248.8,235.7,240.7,245.7
2023-08-03,240.6,242.8,238.3,241.1,240.9
2023-08-04,241.1,243.4,240.2,241.7,242.1
2023-08-05,241.7,243.3,240.1,243.2,241.7
2023-08-06,243.3,245.5,242.8,243.2,244.3
2023-08-07,243.2,244.9,239.7,242.1,241.7
2023-08-08,242.1,248.0,241.5,245.2,246.1
2023-08-09,245.2,245.5,242.8,243.8,244.9
2023-08-10,243.9,244.1,240.5,241.5,242.1
2023-08-11,241.5,242.3,238.0,239.7,240.7
2023-08-12,239.8,241.4,239.3,240.3,240.7
2023-08-13,240.3,241.8,239.8,240.2,240.5
2023-08-14,240.1,241.5,239.7,240.4,240.5
